datetime,longitude,latitude,data_gap_minutes,day_count,x,y,u,v,speed,speed_flag,bearing
2019-10-11 02:00:00,134.50453,84.98354,10.0,13.0,-399471.22985564603,-392621.3727076515,,,,False,
2019-10-11 03:00:00,134.51755,84.97964,10.0,14.0,-399692.28073498525,-393017.23852865945,0.04016759777440527,-0.11188688324573803,0.11887855379929477,False,160.25176822781862
2019-10-11 04:00:00,134.53409,84.97632,10.0,15.0,-399842.8703055203,-393392.4057725107,0.049629295417491545,-0.09375505190522918,0.10608051999018889,False,152.1054651569151
2019-10-11 05:00:00,134.55405,84.97359,10.0,16.0,-399922.86098288815,-393745.3815410642,0.0667664698646786,-0.08956690457170434,0.11171388406437145,False,143.2977972429569
2019-10-11 06:00:00,134.58316,84.97054,10.0,17.0,-399965.14246698195,-394187.3977839495,0.09147089983210215,-0.11435998987766291,0.14644156787235524,False,141.34541367538912
2019-10-11 07:00:00,134.62123,84.96621,10.0,18.0,-400047.013911451,-394792.4258260534,0.09305279311543972,-0.14753662745363058,0.17443015435117923,False,147.75996919194927
2019-10-11 08:00:00,134.65146,84.96102,10.0,19.0,-400250.6201712145,-395410.418648297,0.06738483496379932,-0.15776440021402388,0.1715526798333071,False,156.87154796686815
2019-10-11 09:00:00,134.67065,84.95603,10.0,20.0,-400514.11595252814,-395935.8783058372,0.0399729525101003,-0.14660306358854064,0.1519549116873832,False,164.74841031736935
2019-10-11 10:00:00,134.68075,84.95156,10.5,21.0,-400798.9432670564,-396357.1724098446,0.019695977888509783,-0.13032898915866786,0.13180886525611557,False,171.40620141034088
2019-10-11 11:00:00,134.68507,84.94762,10.0,22.0,-401081.61440429743,-396696.53048446507,0.008666936080433583,-0.11111197399674896,0.11144947979455327,False,175.53985594336882
2019-10-11 12:00:00,134.68709,84.94439,10.0,23.0,-401323.85224077525,-396964.11104914744,0.008964038245333247,-0.08972594763057862,0.09017261036406307,False,174.29481670172459
2019-10-11 13:00:00,134.69162,84.94183,10.0,24.0,-401495.52479492704,-397196.72484158684,0.02111323810640309,-0.07019899914580352,0.07330530884192628,False,163.2606747172892
2019-10-11 14:00:00,134.70251,84.93986,10.0,24.0,-401576.25463641563,-397427.6452933793,0.041212333043714605,-0.05361563843904299,0.06762464846586809,False,142.45186755458093
2019-10-11 15:00:00,134.72171,84.93837,10.0,24.0,-401561.17796194874,-397679.17567528295,0.058496707551633984,-0.03904949593377187,0.07033297894347329,False,123.72510455832662
2019-10-11 16:00:00,134.74521,84.93734,10.0,24.0,-401479.6588991067,-397924.7445181551,0.07255510780130983,-0.02913001862907692,0.07818440799411389,False,111.8748775955687
2019-10-11 17:00:00,134.77466,84.93649,10.0,24.0,-401342.39783577085,-398197.84984477796,0.08482354356265963,-0.03285076232423276,0.09096266337244995,False,111.17056567619562
2019-10-11 18:00:00,134.8071,84.93522,10.0,24.0,-401217.41495025996,-398524.8803002569,0.08381273351100553,-0.04277356977490465,0.09409650668263655,False,117.03735322103296
2019-10-11 19:00:00,134.8358,84.93373,10.0,24.0,-401135.63147537224,-398843.0218694581,0.06979312488566441,-0.04664893793893874,0.08394762469621703,False,123.75832104765004
2019-10-11 20:00:00,134.858,84.93221,10.0,24.0,-401101.2834082371,-399118.0417490613,0.05018382313041793,-0.04199937665094387,0.0654397718750067,False,129.9263219233634
2019-10-11 21:00:00,134.87239,84.93102,10.0,24.0,-401095.126351419,-399312.4439304793,0.025720272256093392,-0.026501534506031196,0.036930525803215014,False,135.8571072754218
2019-10-11 22:00:00,134.87675,84.9305,10.0,24.0,-401105.85308553115,-399383.9022653644,0.0009192545760455056,0.0006198016212348468,0.0011086852688053299,False,56.01042902853197
2019-10-11 23:00:00,134.87306,84.93106,10.0,24.0,-401087.2940541354,-399313.9853477786,-0.017845209443259805,0.035953125443831335,0.040138245218914105,False,333.6026556651583
2019-10-12 00:00:00,134.86374,84.93282,10.0,24.0,-401013.05603164295,-399110.2107819124,-0.023368592327499528,0.07019958696444605,0.07398697937710184,False,341.5880241076162
2019-10-12 01:00:00,134.85602,84.93559,10.0,24.0,-400847.73732990574,-398838.1823147075,-0.015422843830829078,0.10150273982598985,0.10266776662620421,False,351.36027201748294
2019-10-12 02:00:00,134.85249,84.93937,10.5,24.0,-400573.3142201808,-398516.0260565853,-0.0037300970541519415,0.1218039976540134,0.12186109907814016,False,358.24593567955054
2019-10-12 03:00:00,134.8533,84.94345,10.0,24.0,-400244.9597374794,-398200.61680275016,0.004405303184470313,0.12226929487423999,0.12234862960078856,False,2.0634464871651517
2019-10-12 04:00:00,134.85571,84.94726,10.0,24.0,-399926.85816483456,-397917.6137980631,0.00359898310145116,0.11343620523362831,0.11349328322491324,False,1.8172098980776354
2019-10-12 05:00:00,134.85593,84.95077,10.0,24.0,-399647.7074733175,-397642.9192732304,-0.005831823535727143,0.09824982582577635,0.09842275367285377,False,356.6030750657809
2019-10-12 06:00:00,134.85144,84.9536,10.0,24.0,-399455.01157718047,-397388.9013332231,-0.01858719770812893,0.0785695197183028,0.0807381777562873,False,346.69022759781194
2019-10-12 07:00:00,134.84232,84.95584,10.0,24.0,-399341.04583736055,-397149.0714924703,-0.033502691356146475,0.057185078571422646,0.06627641767118221,False,329.63548874706277
2019-10-12 08:00:00,134.8269,84.95729,10.0,24.0,-399333.17037068366,-396927.52814991266,-0.054566915730670205,0.036731819792815146,0.06577822495058612,False,303.94654107843996
2019-10-12 09:00:00,134.80234,84.95821,10.0,24.0,-399430.44261987065,-396683.98201190314,-0.08119339169430181,0.025577120231272225,0.0851267051761624,False,287.4851988711289
2019-10-12 10:00:00,134.7674,84.95894,10.0,24.0,-399614.4452418065,-396382.96786261554,-0.10835876094965602,0.023719173268759337,0.11092438981170068,False,282.34700659952375
2019-10-12 11:00:00,134.72292,84.95974,10.0,24.0,-399858.62368138775,-396009.8071409814,-0.13128538837270048,0.028212580874404564,0.13428254882807975,False,282.128132857056
2019-10-12 12:00:00,134.67116,84.96076,10.0,24.0,-400135.27323668194,-395568.40855653974,-0.1421297561682778,0.035953527214664764,0.14660669734916526,False,284.1958967893156
2019-10-12 13:00:00,134.61871,84.96206,10.0,24.0,-400393.97232860315,-395100.06756564777,-0.13713242486851265,0.043850903098673705,0.14397292680531135,False,287.7327425052765
2019-10-12 14:00:00,134.57059,84.96359,10.0,24.0,-400604.0429292786,-394643.85187754786,-0.11812116291703288,0.047410507554033164,0.12728065585705967,False,291.8691361944666
2019-10-12 15:00:00,134.53206,84.96512,10.0,24.0,-400747.6460742444,-394254.64351721515,-0.09391185883728717,0.04338455971693174,0.1034488146481465,False,294.79556996440397
2019-10-12 16:00:00,134.50168,84.96639,10.0,24.0,-400855.5686312847,-393942.77503926295,-0.07364330877975322,0.0308344776380216,0.0798379730406511,False,292.71907677480226
2019-10-12 17:00:00,134.47801,84.96711,10.0,24.0,-400960.95864679985,-393720.854054112,-0.0613170406196378,0.011776385114642358,0.06243767065417065,False,280.87169149548185
2019-10-12 18:00:00,134.45667,84.96715,10.0,24.0,-401104.38777353585,-393568.36170925974,-0.06043065592265062,-0.008522400512217636,0.061028644796787324,False,261.9726430099307
2019-10-12 19:00:00,134.43365,84.96656,10.0,24.0,-401309.48847122566,-393453.26330788544,-0.07152773551827464,-0.024790977196197314,0.07570211026592735,False,250.88406692072536
2019-10-12 20:00:00,134.40417,84.96555,10.0,24.0,-401592.386677328,-393325.5814911384,-0.0943241959445994,-0.03222505350020183,0.09967701848312906,False,251.13770708762027
2019-10-12 21:00:00,134.36443,84.96448,10.0,24.0,-401950.44950622536,-393130.42327467765,-0.12194089001579261,-0.03113807052970121,0.12585372499118283,False,255.67541578649514
2019-10-12 22:00:00,134.3147,84.96354,9.5,24.0,-402366.5615520251,-392854.6724525027,-0.14082548892429178,-0.024635274631031337,0.142964034242575,False,260.07738083457207
2019-10-12 23:00:00,134.26112,84.96289,10.0,24.0,-402785.70279620646,-392528.84623748186,-0.14726483224466946,-0.016425560240728193,0.14817803428738158,False,263.63567356731266
2019-10-13 00:00:00,134.20668,84.96248,10.5,24.0,-403191.27764574584,-392177.8561997894,-0.14464227390329287,-0.005892325588129924,0.14476224266275972,False,267.66721851204284
2019-10-13 01:00:00,134.15503,84.96251,10.0,24.0,-403542.2458669475,-391811.903308199,-0.13280094489722627,-0.0007816801519097832,0.13280324540257296,False,269.6627549868271
2019-10-13 02:00:00,134.10928,84.96243,10.0,24.0,-403861.3834684816,-391495.76762968354,-0.11366124849413162,-0.0068266889763408944,0.11386607524466816,False,266.5628465953453
2019-10-13 03:00:00,134.07167,84.96207,10.0,24.0,-404147.14084814023,-391258.52034388075,-0.09287388024648209,-0.015347645447002373,0.09413345766944285,False,260.61652898755125
2019-10-13 04:00:00,134.04117,84.96144,10.0,24.0,-404405.89040780446,-391092.19356694084,-0.07724428662500828,-0.02634758009049407,0.08161418254710043,False,251.16578753787113
2019-10-13 05:00:00,134.01503,84.96037,10.0,24.0,-404670.13451615744,-390990.60734965635,-0.06934936196319681,-0.039672785059427215,0.07989533077141617,False,240.2273621605374
2019-10-13 06:00:00,133.99033,84.95888,10.0,24.0,-404958.26131986536,-390931.58604843623,-0.06908332110159895,-0.050363962987906276,0.08549288872341267,False,233.90674775224068
2019-10-13 07:00:00,133.9644,84.95712,10.0,24.0,-405276.4870285243,-390884.60284757696,-0.07441700843348778,-0.05702657366073334,0.0937545798757204,False,232.53665632493934
2019-10-13 08:00:00,133.93581,84.9552,10.0,24.0,-405625.75328080554,-390830.9679607999,-0.08026157110035968,-0.06183114460888014,0.10131638682435502,False,232.3904054668517
2019-10-13 09:00:00,133.90562,84.95313,10.0,24.0,-405998.03754707804,-390777.3509013385,-0.08452780850476012,-0.06415562597532959,0.10611736311699317,False,232.80192360528844
2019-10-13 10:00:00,133.87393,84.95106,10.0,24.0,-406380.6067150979,-390712.8109600288,-0.08189553660073698,-0.06539888495416896,0.10480406990366012,False,231.39037100995066
2019-10-13 11:00:00,133.84569,84.94891,10.0,24.0,-406746.1429407543,-390678.6425601669,-0.0676267165726611,-0.06447069762716078,0.09343363231156022,False,226.36862763531818
2019-10-13 12:00:00,133.82446,84.9469,10.0,24.0,-407052.6767840702,-390683.19817480835,-0.04908299209764166,-0.06617396162948724,0.08239012872303333,False,216.5653136726538
2019-10-13 13:00:00,133.8098,84.94464,10.0,24.0,-407334.5971743003,-390753.5988531912,-0.028879268449684754,-0.0694274764997363,0.07519432584517527,False,202.5855082647493
2019-10-13 14:00:00,133.80335,84.94242,10.5,24.0,-407557.3530421937,-390879.1953938405,-0.0022926182473223325,-0.07314477907164266,0.07318069966779062,False,181.79526632821307
2019-10-13 15:00:00,133.80812,84.93992,10.0,24.0,-407726.111207726,-391106.21970490477,0.021206697658740052,-0.08802021379320021,0.0905388428343873,False,166.45390200944075
2019-10-13 16:00:00,133.81883,84.93674,10.0,24.0,-407909.00546930113,-391428.0921715616,0.02856136268415474,-0.11219617095956927,0.11577448862493292,False,165.7177832768379
2019-10-13 17:00:00,133.82896,84.93268,10.0,24.0,-408166.5919605638,-391813.9104456071,0.011630685630295401,-0.14458504843209138,0.14505209091337143,False,175.40092571740803
2019-10-13 18:00:00,133.82732,84.92741,10.0,24.0,-408602.0112339497,-392209.4130178118,-0.01802679308172772,-0.1624031517136522,0.16340057819768863,False,186.33391817799316
2019-10-13 19:00:00,133.81584,84.9222,10.0,24.0,-409100.0420722416,-392530.0011345938,-0.04771985061543555,-0.16069482087575615,0.1676305747739679,False,196.53928610811363
2019-10-13 20:00:00,133.79261,84.91704,10.5,24.0,-409674.7454742072,-392762.5366453978,-0.07825532080874989,-0.1637915477427738,0.18152566305306178,False,205.53725186608912
2019-10-13 21:00:00,133.75897,84.91163,10.0,24.0,-410341.24608805316,-392939.4175369938,-0.10036022474787472,-0.16038416518629475,0.18919634022345305,False,212.0362311131613
2019-10-13 22:00:00,133.71974,84.90669,10.0,24.0,-411008.5464170102,-393039.3056323862,-0.11497083227509024,-0.1450422343664958,0.18508252760337057,False,218.40285642676744
2019-10-13 23:00:00,133.67557,84.90227,10.0,24.0,-411668.1067146369,-393062.9010425671,-0.11973811020669621,-0.12691767675466772,0.17448584959438185,False,223.33272614107779
2019-10-14 00:00:00,133.63295,84.8985,10.0,24.0,-412264.8220430827,-393046.8229666082,-0.1111712271781501,-0.11297363310403165,0.1584994748540834,False,224.53927997010797
2019-10-14 01:00:00,133.59505,84.89498,10.0,24.0,-412809.1601597299,-393044.849849093,-0.09485922535247655,-0.10507163168723392,0.14155677454607982,False,222.07589067004983
2019-10-14 02:00:00,133.56429,84.89172,10.0,24.0,-413283.6725839177,-393073.84344046237,-0.0778194566234001,-0.09654611630095551,0.12400411445576666,False,218.86999673895852
2019-10-14 03:00:00,133.53876,84.88875,10.0,24.0,-413698.9948252857,-393117.918348549,-0.06486316133395001,-0.08972639803058989,0.11071610633407351,False,215.8631446281724
2019-10-14 04:00:00,133.5174,84.88593,10.0,24.0,-414073.68613842817,-393180.31511364295,-0.05335613451053085,-0.0875563816508336,0.10253290719418957,False,211.35778403433795
2019-10-14 05:00:00,133.50021,84.8831,10.0,24.0,-414420.6691165685,-393273.4174957241,-0.04290253087927387,-0.08864035341546238,0.09847710093958453,False,205.82729625417252
2019-10-14 06:00:00,133.48642,84.88021,10.0,24.0,-414749.2584266188,-393395.5658846416,-0.035750336418364045,-0.09220368120755965,0.09889188734295394,False,201.19291592696595
2019-10-14 07:00:00,133.47441,84.87715,10.0,24.0,-415079.46903790993,-393543.5237834267,-0.033582600236553475,-0.09778161750167011,0.10338779308937338,False,198.95477398472673
2019-10-14 08:00:00,133.4622,84.8739,10.5,24.0,-415426.5205838964,-393704.4923874097,-0.04014289752731659,-0.10459832414526368,0.11203687623227583,False,200.9958762890418
2019-10-14 09:00:00,133.44548,84.8704,10.0,24.0,-415824.9121031121,-393851.783219205,-0.05419071984166044,-0.10289252807161775,0.11629061204553864,False,207.7745667595621
2019-10-14 10:00:00,133.42317,84.86726,10.0,24.0,-416232.6899906522,-393930.65485550533,-0.0672229039346776,-0.08848132122087818,0.1111209387037525,False,217.22543312492763
2019-10-14 11:00:00,133.39709,84.86469,10.0,24.0,-416620.30663146,-393938.158928454,-0.07430002867646202,-0.0691123145207983,0.1014741655779678,False,227.07168069575167
2019-10-14 12:00:00,133.36971,84.8628,10.0,24.0,-416961.80194176134,-393883.82998720015,-0.07288026632588787,-0.049434401423889454,0.08806414289522489,False,235.85110780382468
2019-10-14 13:00:00,133.34467,84.8615,10.0,24.0,-417239.3831869871,-393801.1238190997,-0.061397854055433604,-0.0333200127400709,0.06985642226460508,False,241.51175052900786
2019-10-14 14:00:00,133.32556,84.86065,10.0,24.0,-417439.69599284994,-393727.0106171567,-0.0412263125295802,-0.022007686635330145,0.04673271997033246,False,241.90553109375585
2019-10-14 15:00:00,133.31503,84.86008,10.0,24.0,-417558.3216131509,-393693.913284167,-0.01602452664885928,-0.015497527395900665,0.022292572971882203,False,225.95780624633682
2019-10-14 16:00:00,133.31404,84.85965,10.0,24.0,-417600.0318073589,-393719.60985497,0.008835661326160633,-0.014565776137151053,0.01703615994137792,False,148.75882295377033
2019-10-14 17:00:00,133.32138,84.85914,10.0,24.0,-417590.9872402174,-393812.14406974154,0.027370387388299038,-0.019524002134975578,0.033620302871212954,False,125.50124110737488
2019-10-14 18:00:00,133.33371,84.85839,10.0,24.0,-417567.0953624843,-393959.42483870644,0.035626020272566235,-0.026343215045572944,0.04430776793518943,False,126.48061011779538
2019-10-14 19:00:00,133.34698,84.85744,10.0,24.0,-417552.9209306085,-394128.88074130577,0.03298670234485399,-0.0309931673589578,0.04526255576664184,False,133.21531055895122
2019-10-14 20:00:00,133.35741,84.85639,10.0,24.0,-417566.3464457297,-394285.3143796961,0.019780405856156636,-0.030838524106332917,0.03663712631868324,False,147.3231286477971
2019-10-14 21:00:00,133.36119,84.85545,10.0,24.0,-417616.58370349073,-394384.8705770401,-0.00022445912714488814,-0.024948807995488334,0.02494981768060643,False,180.51546405305072
2019-10-14 22:00:00,133.35725,84.85478,10.0,24.0,-417698.0552660709,-394407.4734752205,-0.02113941482644656,-0.014100158390254965,0.02541041766352663,False,236.29639595064222
2019-10-14 23:00:00,133.34601,84.85454,10.0,24.0,-417794.89319698064,-394343.9040152775,-0.03605399502061378,-0.0001538886907587987,0.0360543234394377,False,269.75544682506506
2019-10-15 00:00:00,133.33136,84.85477,10.0,24.0,-417877.04341700836,-394219.45540173573,-0.04107911606299287,0.015341269375813127,0.04385029444117907,False,290.47848085690157
2019-10-15 01:00:00,133.31651,84.85553,10.0,24.0,-417917.5090041593,-394052.964466793,-0.036800070662665704,0.02944166123408451,0.04712808734714134,False,308.661331660631
2019-10-15 02:00:00,133.30493,84.85667,10.0,24.0,-417904.5824116262,-393881.25253539556,-0.024919472693840962,0.03734462769586242,0.044895448957346,False,326.2854519603887
2019-10-15 03:00:00,133.29861,84.85794,10.0,24.0,-417844.9012759386,-393737.9773382989,-0.008352644868477635,0.039049886549996346,0.039933198167270444,False,347.9265507520313
2019-10-15 04:00:00,133.29893,84.85919,10.0,24.0,-417741.20113732613,-393644.6648138574,0.006538490100217212,0.03440176485317774,0.03501761382224628,False,10.761430768713922
2019-10-15 05:00:00,133.30331,84.86016,10.0,24.0,-417632.348380178,-393602.3705551901,0.013480353297263725,0.023864245141577235,0.02740843157125817,False,29.461087902948748
2019-10-15 06:00:00,133.30862,84.86073,10.0,24.0,-417549.591551976,-393597.4512399113,0.011851804928781693,0.010692157793641174,0.015962064977753213,False,47.944663164946746
2019-10-15 07:00:00,133.31183,84.86085,10.0,24.0,-417517.7975265773,-393611.6596289238,0.0010014534651816194,-0.0010847835978717482,0.0014763686860455446,False,137.2873374837992
2019-10-15 08:00:00,133.30934,84.86066,10.5,24.0,-417550.3285201488,-393608.0555166638,-0.017554985517760212,-0.007437003808206338,0.01906532302826381,False,247.0405141840208
2019-10-15 09:00:00,133.29921,84.86037,10.0,24.0,-417643.4607899299,-393556.41574609705,-0.03850526866688164,-0.008520413671595745,0.039436698191454275,False,257.5226930603702
2019-10-15 10:00:00,133.28166,84.86011,10.0,24.0,-417785.1078414689,-393448.3589471487,-0.057327802905981606,-0.00433587730529144,0.05749153692530418,False,265.6747794520096
2019-10-15 11:00:00,133.258,84.86009,10.0,24.0,-417949.16982064047,-393277.3323557119,-0.07058391595187774,0.005425774035696468,0.07079214797552183,False,274.39567280019935
2019-10-15 12:00:00,133.23092,84.86046,10.5,24.0,-418104.92190058,-393051.4753492767,-0.07522500285114893,0.017355685769672592,0.07720117150983513,False,282.9917745908381
2019-10-15 13:00:00,133.20392,84.86121,10.0,24.0,-418229.10082646034,-392797.117701074,-0.06943017043992941,0.02711587734434381,0.07453736895994616,False,291.33307668828206
2019-10-15 14:00:00,133.181,84.86221,10.0,24.0,-418304.83948371426,-392553.4325437159,-0.05531834961021928,0.031919259204968145,0.06386672773668925,False,299.98539007122463
2019-10-15 15:00:00,133.16414,84.86327,10.0,24.0,-418334.071488054,-392349.41870599816,-0.039652922876487764,0.030525739900098013,0.050041733474142584,False,307.5899111294044
2019-10-15 16:00:00,133.15248,84.86418,10.0,24.0,-418339.83735939703,-392194.83585477906,-0.02662091976160008,0.02339832124826804,0.03544227428073291,False,311.3136894707542
2019-10-15 17:00:00,133.14499,84.86478,10.0,24.0,-418342.2597014241,-392094.3657344124,-0.023225897232673973,0.01038281924467721,0.02544101487225641,False,294.0863769240161
2019-10-15 18:00:00,133.13577,84.86485,10.0,24.0,-418399.65055245406,-392021.7012971071,-0.038070617238193,-0.005885590925316608,0.03852287732552136,False,261.21183492187345
2019-10-15 19:00:00,133.1176,84.8644,10.0,24.0,-418560.5991865386,-391923.3129491843,-0.059508382612404334,-0.0198318002617014,0.06272597470557413,False,251.5688010024344
2019-10-15 20:00:00,133.09296,84.86357,10.5,24.0,-418796.7315004821,-391806.5416261824,-0.08353744154904309,-0.02184178196155056,0.08634562860860824,False,255.34740370373018
2019-10-15 21:00:00,133.05751,84.86299,10.0,24.0,-419086.3527388118,-391591.53015033883,-0.1166674216173402,-0.018117317530221097,0.11806576329033357,False,261.17302565339804
2019-10-15 22:00:00,133.00905,84.8624,10.0,24.0,-419465.5420397575,-391281.83465021435,-0.14800389057421398,-0.01362436233583926,0.14862965677872683,False,264.74051238866457
2019-10-15 23:00:00,132.95107,84.86211,10.0,24.0,-419884.96425904107,-390879.20620069676,-0.16368147589604987,-0.0030967401694410174,0.16371076736484436,False,268.9161328382547
2019-10-16 00:00:00,132.89134,84.8622,10.0,24.0,-420284.8649044253,-390434.43566081324,-0.1579905987210543,0.009909516668530377,0.15830106697316063,False,273.5890153280486
2019-10-16 01:00:00,132.83745,84.86275,10.0,24.0,-420606.9070930614,-389997.2374292487,-0.14286231891742254,0.022618188870324997,0.1446417112531411,False,278.9964867923695
2019-10-16 02:00:00,132.78859,84.86366,10.0,24.0,-420864.82102926687,-389569.4459624367,-0.12342199103367152,0.028813325177715718,0.12674066268768078,False,283.1405646183132
2019-10-16 03:00:00,132.74867,84.86461,10.0,24.0,-421058.3101394674,-389204.17289941176,-0.09773077075314848,0.024165973236400982,0.10067421623467904,False,283.88897998289053
2019-10-16 04:00:00,132.71828,84.86522,10.0,24.0,-421214.68382707535,-388934.6153855017,-0.07493939995719304,0.012857379365615457,0.07603437295128761,False,279.7354699807154
2019-10-16 05:00:00,132.69475,84.86544,10.0,24.0,-421356.33364771836,-388744.955371833,-0.06145658312761254,-0.004030541511974253,0.06158860994210616,False,266.24771242914676
2019-10-16 06:00:00,132.67406,84.86496,10.0,24.0,-421536.0600872223,-388629.0756142881,-0.06121030844160473,-0.01952381979856458,0.06424859063857517,False,252.30924452831724
2019-10-16 07:00:00,132.65071,84.86418,10.0,24.0,-421758.41278915113,-388516.21592234715,-0.07034082319291156,-0.03253966064312656,0.07750265106579442,False,245.17474168856492
2019-10-16 08:00:00,132.62346,84.86286,10.5,24.0,-422051.51288824633,-388415.3147382497,-0.08638827298976254,-0.041214163295412595,0.09571593893544936,False,244.4950991586841
2019-10-16 09:00:00,132.58858,84.86152,10.0,24.0,-422397.96271736413,-388259.48615583096,-0.10628064402703238,-0.0365648549158416,0.1123946791881952,False,251.01470368701217
2019-10-16 10:00:00,132.54704,84.8605,10.0,24.0,-422763.1856214369,-388030.095276231,-0.12211577064424226,-0.026028583773531164,0.12485891483307433,False,257.9676484722823
2019-10-16 11:00:00,132.50079,84.85984,10.0,24.0,-423130.562356964,-387738.4580028764,-0.1311141470073453,-0.010845329341361953,0.1315619272965639,False,265.2714470210192
2019-10-16 12:00:00,132.45279,84.8598,10.0,24.0,-423458.537725776,-387386.8533298343,-0.13131251298413826,0.0051118968302089896,0.13141197645348837,False,272.2293556376113
2019-10-16 13:00:00,132.4064,84.86017,10.0,24.0,-423741.5681533993,-387016.02983870014,-0.11738104001804764,0.015797509553504556,0.11843930877800482,False,277.6649899497047
2019-10-16 14:00:00,132.36841,84.86082,10.0,24.0,-423944.5048362997,-386686.1103375545,-0.09908877655860676,0.025719586506891698,0.10237227539703796,False,284.5506559792915
2019-10-16 15:00:00,132.33516,84.86183,10.0,24.0,-424085.5346152795,-386364.1291070725,-0.08184417350269207,0.029437319889245923,0.08697714951986273,False,289.78240034173814
2019-10-16 16:00:00,132.30956,84.86272,10.0,24.0,-424184.6874371666,-386107.76512029936,-0.06045946311649879,0.022775352763552054,0.06460699167922551,False,290.64161828402473
2019-10-16 17:00:00,132.29168,84.8633,10.5,24.0,-424257.2879847765,-385931.82802522526,-0.04614600619839974,0.009451654105353525,0.04710400888873465,False,281.57526326366144
2019-10-16 18:00:00,132.27637,84.86333,10.0,24.0,-424357.92103683634,-385816.19682315923,-0.04043181582517405,-0.010537967021248231,0.04178253797774508,False,255.39168252797873
2019-10-16 19:00:00,132.2626,84.86262,10.0,24.0,-424509.2585710929,-385767.47449253616,-0.042286612107325726,-0.02928677299724968,0.05143804658137651,False,235.29438213513345
2019-10-16 20:00:00,132.24596,84.86144,10.0,24.0,-424718.73655620107,-385732.6851566605,-0.05536963997135978,-0.037962536218818226,0.0671338304189705,False,235.56468271317328
2019-10-16 21:00:00,132.22279,84.86017,10.0,24.0,-424979.62143255444,-385656.1231203962,-0.07494113308517361,-0.036876013213385135,0.08352253455567221,False,243.79975124289737
2019-10-16 22:00:00,132.19209,84.85906,10.0,24.0,-425277.9580052859,-385511.53379409114,-0.09748400059418558,-0.03175980985916012,0.10252714710815462,False,251.95464422593219
2019-10-16 23:00:00,132.15273,84.85812,10.0,24.0,-425620.4415777081,-385289.67793006444,-0.11884770867751568,-0.024941916280602223,0.12143672033468379,False,258.147656136111
2019-10-17 00:00:00,132.10669,84.85745,10.0,24.0,-425985.36298116023,-384997.6697010136,-0.1262378308294642,-0.01611753889138548,0.12726258284524852,False,262.7240700924684
2019-10-17 01:00:00,132.06203,84.85708,10.0,24.0,-426315.9738237669,-384693.1686242689,-0.11482016286998865,-0.008529737038862062,0.11513655464466034,False,265.75142675110953
2019-10-17 02:00:00,132.0242,84.8569,10.0,24.0,-426584.7965745819,-384425.050715923,-0.09401371231658696,-0.0014013171693463486,0.09402415537166542,False,269.14604356821496
2019-10-17 03:00:00,131.99449,84.85699,10.0,24.0,-426776.615001724,-384197.08053558116,-0.07181089741220226,0.007433255781092503,0.07219458621429298,False,275.9097268481403
2019-10-17 04:00:00,131.97261,84.85738,10.0,24.0,-426890.949741398,-384004.97531838843,-0.046044607645030794,0.011462877719554575,0.047450010103247495,False,283.9796929046555
2019-10-17 05:00:00,131.96141,84.85773,10.5,24.0,-426936.96800935,-383895.41043058335,-0.016716397851838316,0.004957260706841431,0.01743595110272275,False,286.5177641685359
2019-10-17 06:00:00,131.9606,84.8577,10.0,24.0,-426944.8841350283,-383891.6126987745,0.0017260233984029956,-0.005888503887365481,0.0061362557641735415,False,163.6632169555446
2019-10-17 07:00:00,131.96265,84.85735,10.0,24.0,-426960.1856110413,-383932.9990911063,0.004300962473724612,-0.017820637429620475,0.01833230472685793,False,166.43129948122453
2019-10-17 08:00:00,131.96369,84.85655,10.5,24.0,-427019.58603199146,-384000.43214312964,-0.002952382006496305,-0.02866780427798557,0.028819430279468934,False,185.8799329056452
2019-10-17 09:00:00,131.96053,84.8555,10.0,24.0,-427127.878082047,-384055.209740573,-0.014440189683113907,-0.03238646992460857,0.03545987185907311,False,204.03070915452182
2019-10-17 10:00:00,131.95332,84.85446,10.0,24.0,-427262.49774933537,-384079.03013173427,-0.0264894080031853,-0.030061479813990467,0.040067209847532106,False,221.38567846226292
2019-10-17 11:00:00,131.94151,84.85356,10.0,24.0,-427416.3478353009,-384058.0677656031,-0.032425456385624336,-0.020609977463182723,0.038421106085704065,False,237.55951063563379
2019-10-17 12:00:00,131.93004,84.85313,10.0,24.0,-427528.91591681057,-384004.55460928264,-0.02802647065157341,-0.007128917948721853,0.028918930275912944,False,255.72868251474213
2019-10-17 13:00:00,131.92139,84.8531,10.0,24.0,-427589.37508943694,-383942.24205138825,-0.015364879635526602,0.005422811225054245,0.01629375364355293,False,289.43974478206474
2019-10-17 14:00:00,131.91901,84.85348,10.0,24.0,-427573.7757101457,-383896.1552812307,0.005152180176455632,0.019370569398559738,0.020044049475968707,False,14.8946690943161
2019-10-17 15:00:00,131.92509,84.85435,10.0,24.0,-427460.8154074947,-383876.6688117218,0.028951337468548038,0.030219684092392972,0.04184984167068954,False,43.77203773728138
2019-10-17 16:00:00,131.9398,84.85543,10.0,24.0,-427272.6133891549,-383905.8667087561,0.05197579490052214,0.03456002863047135,0.06241697553134198,False,56.37905576847021
2019-10-17 17:00:00,131.96242,84.85658,10.0,24.0,-427025.60865582386,-383988.7288049377,0.07002112560421853,0.03502443230141336,0.07829220196748866,False,63.42587041061074
2019-10-17 18:00:00,131.9901,84.85769,10.0,24.0,-426748.0017356541,-384112.13024943316,0.07803797447162977,0.033937107324031185,0.08509790075646727,False,66.49677054867402
2019-10-17 19:00:00,132.01849,84.85877,10.0,24.0,-426468.1005246671,-384242.87828918704,0.07202693184013641,0.030369361520819274,0.07816762136259409,False,67.13781594631524
2019-10-17 20:00:00,132.04186,84.85965,10.5,24.0,-426238.42194798106,-384351.0444959813,0.05473335406711437,0.030059073635473763,0.062444278803257376,False,61.22479900073182
2019-10-17 21:00:00,132.05783,84.86071,10.0,24.0,-426043.466025929,-384390.60990422615,0.033357078987722576,0.03904810190119965,0.05135609974170191,False,40.50581066004429
2019-10-17 22:00:00,132.06584,84.86217,10.0,24.0,-425868.79367895797,-384341.02961218625,0.01197572746003358,0.05702527494782888,0.05826920310998326,False,11.86018302033483
2019-10-17 23:00:00,132.06644,84.86439,10.0,24.0,-425680.89051526756,-384179.5379907005,-0.0026245798724669825,0.08336975704936034,0.08341105927858923,False,358.19685571153303
2019-10-18 00:00:00,132.06395,84.86755,10.0,24.0,-425435.8387700109,-383924.83024629555,-0.005681919839204283,0.1114179550349064,0.11156273982481592,False,357.0806477895578
2019-10-18 01:00:00,132.06235,84.87158,10.0,24.0,-425112.7402678213,-383611.71880043356,0.0012859295722315173,0.13497256101516364,0.13497868662072843,False,0.5458598958254015
2019-10-18 02:00:00,132.06488,84.87626,10.0,24.0,-424708.1541089298,-383280.6557835379,0.014207225612270835,0.14969489899070965,0.15036757643666646,False,5.421581613475155
2019-10-18 03:00:00,132.0726,84.88124,10.0,24.0,-424244.06075046014,-382965.56135128596,0.03282256079846049,0.15760005972600657,0.1609816738731756,False,11.764531081898781
2019-10-18 04:00:00,132.08858,84.88643,10.0,24.0,-423707.5022743567,-382695.73300669435,0.052639669458474585,0.1608550553236784,0.16924917613944565,False,18.120636619525385
2019-10-18 05:00:00,132.11064,84.89162,10.5,24.0,-423130.5425377718,-382470.5374194671,0.059345136436116844,0.1568229175019089,0.16767609451687457,False,20.727711388403122
2019-10-18 06:00:00,132.1315,84.89655,10.0,24.0,-422583.33729376236,-382255.56391220435,0.06067815524090491,0.1496966781647323,0.1615268831402216,False,22.064715098981992
2019-10-18 07:00:00,132.15457,84.90128,10.0,24.0,-422038.15045903536,-382071.49661493546,0.054782794444026436,0.13931008761134392,0.1496945392369968,False,21.46691358610235
2019-10-18 08:00:00,132.17119,84.90554,10.0,24.0,-421575.03302637953,-381874.8057007515,0.03381981599233552,0.13001296855741318,0.13433968865106968,False,14.58100394904585
2019-10-18 09:00:00,132.17909,84.90967,10.0,24.0,-421180.89706186816,-381623.52231883036,0.013687311438486525,0.1328044535189986,0.13350792249486165,False,5.884336036975014
2019-10-18 10:00:00,132.18112,84.91411,10.0,24.0,-420800.27668797155,-381305.7997984797,-0.0037216538577264646,0.14520286458011167,0.14525055108228324,False,358.53178940994974
2019-10-18 11:00:00,132.17638,84.91904,10.0,24.0,-420424.1764819977,-380901.6636740453,-0.01699201227506006,0.1651939676590754,0.16606557569858793,False,354.1271545558126
2019-10-18 12:00:00,132.16876,84.92477,10.0,24.0,-420000.97955649084,-380416.55518983316,-0.019039630294829024,0.18983332715775908,0.1907857427103728,False,354.27258377304963
2019-10-18 13:00:00,132.16252,84.93129,10.0,24.0,-419503.17201278574,-379882.504571612,-0.009366174098458108,0.21106402564230908,0.2112717400353865,False,357.4591103196161
2019-10-18 14:00:00,132.16194,84.93839,10.0,24.0,-418919.80597272265,-379346.5174030172,0.006864633693077896,0.22764695293670414,0.2277504300261717,False,1.7272156896784168
2019-10-18 15:00:00,132.16754,84.94598,10.0,24.0,-418255.04347457323,-378818.95892314706,0.02721686172828107,0.2371023689577681,0.2386593617014048,False,6.548292620637483
2019-10-18 16:00:00,132.18185,84.95369,10.0,24.0,-417522.9524968054,-378345.75860664767,0.04758981652033564,0.2288902988233837,0.2337852851055795,False,11.74533692039654
2019-10-18 17:00:00,132.20239,84.96075,10.0,24.0,-416803.75695903273,-377966.2504993914,0.05879897385354575,0.20812364634170702,0.2162701354621065,False,15.77601690813691
2019-10-18 18:00:00,132.22496,84.96712,10.0,24.0,-416128.51826984173,-377652.7552438428,0.0630319628635092,0.1853433508065584,0.19576819463495537,False,18.78225157916745
2019-10-18 19:00:00,132.24866,84.97271,10.0,24.0,-415510.57099240716,-377405.494135584,0.05558275537023056,0.16519399305631133,0.17429428572513653,False,18.596521297698587
2019-10-18 20:00:00,132.2658,84.97778,10.5,24.0,-414979.01506157254,-377149.303446361,0.03925093700639031,0.1566723648981492,0.16151429032335943,False,14.064754807878728
2019-10-18 21:00:00,132.27753,84.98282,10.0,24.0,-414485.7106854773,-376855.9447896529,0.01819658501788328,0.16023726640243285,0.16126716110367073,False,6.47876861056335
2019-10-18 22:00:00,132.27919,84.98812,10.0,24.0,-414037.2550699362,-376470.11566701287,-0.007013673327243786,0.17186251239119427,0.17200556612782825,False,357.6630679379475
2019-10-18 23:00:00,132.27235,84.99391,10.0,24.0,-413604.1538133188,-375986.1222196473,-0.025571693875928586,0.18736062160580727,0.18909763101688687,False,352.2280736268421
2019-10-19 00:00:00,132.26031,85.00021,10.0,24.0,-413162.9040843642,-375426.46792054735,-0.0351124765406573,0.19991316065137643,0.2029732933428466,False,350.0382540366599
2019-10-19 01:00:00,132.2464,85.00681,10.0,24.0,-412708.891300372,-374831.03887468664,-0.03365646534741813,0.2054912341482406,0.20822921257942895,False,350.6983747614828
2019-10-19 02:00:00,132.23541,85.01347,10.0,24.0,-412230.58261709183,-374252.3604998302,-0.018815543393067888,0.20146205246633173,0.20233878337363653,False,354.66433982010324
2019-10-19 03:00:00,132.23247,85.01981,10.0,24.0,-411725.9980485576,-373755.72430323,-0.005327861079762242,0.1873613261613085,0.18743706315616843,False,358.37115951973243
2019-10-19 04:00:00,132.23146,85.02556,10.0,24.0,-411257.53345924016,-373317.23909086734,-0.004563160580783959,0.15357785660603468,0.153645632785933,False,358.29810787226506
2019-10-19 05:00:00,132.22908,85.02972,10.0,24.0,-410929.33607434924,-372988.1856614455,-0.004683303767574254,0.11142541505324541,0.1115237932190588,False,357.59322686579475
2019-10-19 06:00:00,132.22798,85.03275,10.0,24.0,-410686.1498896966,-372753.0726765627,-0.012015570515186182,0.08120657728256281,0.08209069453204948,False,351.58341044916597
2019-10-19 07:00:00,132.22014,85.03496,10.0,24.0,-410554.5320942766,-372531.167471352,-0.029951149902952737,0.06571036161223827,0.07221442379275946,False,335.4962364534208
2019-10-19 08:00:00,132.20569,85.03699,10.0,24.0,-410480.68768343,-372275.44636833743,-0.04862174801129829,0.06741649682722027,0.08312074605132458,False,324.2003147461172
2019-10-19 09:00:00,132.18394,85.03931,10.0,24.0,-410430.15823488496,-371945.7644206195,-0.06719251648491104,0.08028010314171857,0.10468872542934131,False,320.0714778971378
2019-10-19 10:00:00,132.15564,85.04217,10.0,24.0,-410377.25003678823,-371528.81860522844,-0.0827339648881817,0.0948475260844194,0.1258608841159695,False,318.9023346673463
2019-10-19 11:00:00,132.12228,85.04543,10.0,24.0,-410323.69795284135,-371045.84126488527,-0.0922163984854808,0.10677863095718013,0.14108699507297848,False,319.1853802411906
2019-10-19 12:00:00,132.08687,85.04906,10.0,24.0,-410252.3416222705,-370520.70100750105,-0.09421526814920186,0.11762490344509963,0.15070545664605187,False,321.30594872977053
2019-10-19 13:00:00,132.05197,85.05302,10.0,24.0,-410149.85752815066,-369974.77797652746,-0.09071399993823806,0.12800717145486196,0.15689125446840266,False,324.6761947062028
2019-10-19 14:00:00,132.01912,85.05732,10.0,24.0,-410005.45722252387,-369418.39309564704,-0.08276304248256962,0.12893608006819918,0.15321303451183482,False,327.3039178533191
2019-10-19 15:00:00,131.99011,85.06134,10.0,24.0,-409859.0525632825,-368910.6648434059,-0.07397900746762408,0.11948387133142577,0.14053216377128577,False,328.2360822051148
2019-10-19 16:00:00,131.96378,85.06503,10.0,24.0,-409722.38567843084,-368446.96443357423,-0.06958301922407292,0.10321304518145169,0.12447782637870124,False,326.0133783299078
2019-10-19 17:00:00,131.93802,85.068,10.5,24.0,-409641.47969165066,-368041.2346792371,-0.06952741309012996,0.07981259186979436,0.10584947327209493,False,318.93979001266695
2019-10-19 18:00:00,131.9117,85.07018,10.0,24.0,-409629.4837084406,-367690.5317942757,-0.073483298785495,0.06044196133682412,0.09514739035118343,False,309.4382027469932
2019-10-19 19:00:00,131.88295,85.0719,10.0,24.0,-409671.04505832994,-367356.81174620235,-0.07966188075028774,0.044169558923981625,0.09108767853124894,False,299.00674340891396
2019-10-19 20:00:00,131.85198,85.07303,10.5,24.0,-409775.63263090875,-367051.1921604318,-0.084202882689413,0.03006614243220522,0.08940972192083307,False,289.6500126162182
2019-10-19 21:00:00,131.81981,85.07384,10.0,24.0,-409914.3005299287,-366760.7909116308,-0.08405358311016846,0.025105098741183086,0.0877226927109659,False,286.62981740119596
2019-10-19 22:00:00,131.78894,85.07465,10.0,24.0,-410044.4564517315,-366479.6533669246,-0.08230243121402044,0.03254489666566465,0.08850344898769401,False,291.5753566399027
2019-10-19 23:00:00,131.75807,85.07594,10.0,24.0,-410134.47488866537,-366162.8120330916,-0.08125397010791321,0.04943672913938765,0.09511150217664967,False,301.31726458204326
2019-10-20 00:00:00,131.72797,85.07784,10.0,24.0,-410168.55613591074,-365806.18906591175,-0.0773880537877824,0.06601830876956538,0.10172181654814455,False,310.46687770951127
2019-10-20 01:00:00,131.69998,85.0802,10.0,24.0,-410150.5938025746,-365430.59235146805,-0.06923074494123534,0.07872542275061656,0.10483600637367715,False,318.6717634911131
2019-10-20 02:00:00,131.67598,85.08292,10.0,24.0,-410076.9357769474,-365056.9509169964,-0.05680502920228124,0.08647409291584852,0.10346294065166922,False,326.6989968852346
2019-10-20 03:00:00,131.6573,85.08578,10.0,24.0,-409957.5018677057,-364711.11967202456,-0.04280698518627051,0.08755972886283295,0.09746355267109036,False,333.9465011874081
2019-10-20 04:00:00,131.6438,85.08857,10.0,24.0,-409810.7795029849,-364407.6463136425,-0.030020763766546305,0.08182646944716448,0.0871597232631823,False,339.8527569912993
2019-10-20 05:00:00,131.63472,85.09106,10.0,24.0,-409660.86617567285,-364158.1040500761,-0.021314129427411514,0.07097894403251986,0.07411007090281345,False,343.2856150944185
2019-10-20 06:00:00,131.62776,85.09315,10.0,24.0,-409530.78095399094,-363953.41974041803,-0.019377320843710917,0.06044108720964307,0.06347129734111154,False,342.2242284426421
2019-10-20 07:00:00,131.62013,85.09496,10.0,24.0,-409428.2618841383,-363764.73633769184,-0.023657352116031437,0.05377753813220129,0.058751118429373424,False,336.2547586424403
2019-10-20 08:00:00,131.60994,85.09662,10.5,24.0,-409354.45840425993,-363568.91204075754,-0.032195278704518854,0.05207338940413467,0.06122233134156433,False,328.27284975374727
2019-10-20 09:00:00,131.59587,85.09832,10.0,24.0,-409301.86648337805,-363342.4455192924,-0.04071420543509289,0.05749744494315728,0.07045284024936362,False,324.6975142499491
2019-10-20 10:00:00,131.57925,85.10033,10.0,24.0,-409239.4729818408,-363074.855853105,-0.045908594254162945,0.07051523568859505,0.08414272096035089,False,326.93406028846175
2019-10-20 11:00:00,131.56125,85.10287,10.0,24.0,-409141.44597628765,-362758.24321630294,-0.04726410265853816,0.08771711612204426,0.09964029235648113,False,331.68313934596154
2019-10-20 12:00:00,131.54359,85.10599,10.0,24.0,-408992.6706751453,-362401.2343866136,-0.04338145012293245,0.10646869485176892,0.11496753106076324,False,337.83120105123095
2019-10-20 13:00:00,131.5285,85.10974,10.0,24.0,-408774.8470771206,-362016.0827430058,-0.03323972920055863,0.12522068673852665,0.12955732316081053,False,345.1337279767313
2019-10-20 14:00:00,131.51848,85.11407,10.0,24.0,-408476.38910329086,-361624.3219579803,-0.01671098315219436,0.1397892410736504,0.1407845477240314,False,353.18297664312905
2019-10-20 15:00:00,131.51587,85.11876,10.0,24.0,-408101.0062626964,-361258.8361964674,0.004243217242522718,0.1481597310615694,0.14822048036895513,False,1.6404727541749367
2019-10-20 16:00:00,131.5217,85.12363,10.0,24.0,-407657.3862061996,-360940.12657180044,0.032082197597982885,0.151727757775662,0.15508249379715938,False,11.939095548239209
2019-10-20 17:00:00,131.54019,85.12855,10.0,24.0,-407129.96607440396,-360707.5984856549,0.061959713931932836,0.14863033079123178,0.16102789007385626,False,22.62985270085187
2019-10-20 18:00:00,131.5687,85.13322,10.0,24.0,-406560.56185080385,-360564.3785601825,0.07922009015552908,0.13870865831165963,0.15973701692115982,False,29.731801201703092
2019-10-20 19:00:00,131.60033,85.1375,10.0,24.0,-406004.3160051317,-360471.68126901175,0.07879245110383179,0.12057177925820695,0.14403403870071652,False,33.16421416815297
2019-10-20 20:00:00,131.62856,85.141,10.5,24.0,-405534.7375434594,-360412.23722587974,0.06007582072832672,0.10212604654878267,0.1184855840170701,False,30.466243356741927
2019-10-20 21:00:00,131.646,85.14409,10.0,24.0,-405167.3580848558,-360306.53111145424,0.023829619536471086,0.10150844744336288,0.10426799925967184,False,13.21124976551539
2019-10-20 22:00:00,131.64668,85.14755,10.0,24.0,-404874.57601051667,-360054.7715985314,-0.017949674429093766,0.12119693574075771,0.12251892933363324,False,351.57554158047714
2019-10-20 23:00:00,131.63232,85.15191,10.0,24.0,-404601.171261574,-359630.0720089225,-0.039016524813676914,0.1633498722059424,0.16794484201139964,False,346.5664492029184
2019-10-21 00:00:00,131.61694,85.15809,10.0,24.0,-404182.14496456925,-359063.4538849587,-0.04194442679338051,0.2053501848923091,0.20959015571903844,False,348.4556762819771
2019-10-21 01:00:00,131.60031,85.16516,10.0,24.0,-403696.3985020487,-358422.34045607387,-0.04113091519118216,0.2303016406568785,0.23394571565582092,False,349.8739728465723
2019-10-21 02:00:00,131.58551,85.17295,10.0,24.0,-403138.7912317252,-357741.08964544913,-0.03208587453308026,0.24115029388378922,0.2432754972963584,False,352.42111417776226
2019-10-21 03:00:00,131.57576,85.18072,10.0,24.0,-402551.0539693335,-357097.1118188286,-0.019914539514723398,0.23944690978994662,0.24027361796926086,False,355.24571398528263
2019-10-21 04:00:00,131.57025,85.1884,10.0,24.0,-401944.24139270047,-356489.75154012616,-0.013728100018427086,0.23371394791941041,0.23411678748477824,False,356.63837159640866
2019-10-21 05:00:00,131.56522,85.1958,10.0,24.0,-401357.7095840609,-355906.60170951276,-0.01653752474945369,0.21093250282275813,0.21157979693702247,False,355.5170680690011
2019-10-21 06:00:00,131.55753,85.20201,10.0,24.0,-400886.93783327535,-355393.038648759,-0.02783756684881525,0.17420300176730508,0.17641319665150323,False,350.9209199102497
2019-10-21 07:00:00,131.54378,85.20704,10.0,24.0,-400552.1180590248,-354924.57988400006,-0.049842836388673886,0.15049411613593305,0.15853323730626276,False,341.67540895942244
2019-10-21 08:00:00,131.5191,85.21172,10.0,24.0,-400313.9487124838,-354405.83696587785,-0.0772574274350022,0.14398721793659552,0.1634044951125742,False,331.78388205031257
2019-10-21 09:00:00,131.48416,85.21633,10.0,24.0,-400144.6223015046,-353820.8912720469,-0.10342066491127755,0.15266873063262176,0.1844005836315785,False,325.8855497174643
2019-10-21 10:00:00,131.43921,85.22157,10.0,24.0,-399983.73588670685,-353119.87241336325,-0.12573408181448054,0.17359098219963826,0.21434292251148768,False,324.083723945335
2019-10-21 11:00:00,131.38693,85.22753,9.5,24.0,-399806.79857884033,-352315.0511514975,-0.13877034502325158,0.19698957520552135,0.24096078809118307,False,324.8370171069863
2019-10-21 12:00:00,131.33177,85.23428,10.0,24.0,-399580.1971570558,-351432.5384718688,-0.14243998064919497,0.21682487596249742,0.25942662724457455,False,326.6976633568907
2019-10-21 13:00:00,131.2765,85.24152,10.0,24.0,-399311.84587765747,-350513.94966306724,-0.13933462190965795,0.22798146668732544,0.2671884840624899,False,328.56812621894517
2019-10-21 14:00:00,131.22359,85.24899,10.0,24.0,-399008.3885800501,-349595.72702963743,-0.13020190556683792,0.22859973861475802,0.2630786511824391,False,330.33577055912883
2019-10-21 15:00:00,131.17526,85.25627,10.0,24.0,-398691.6602640853,-348724.1910946398,-0.1203454323017116,0.22007823390611203,0.25083351473660614,False,331.32882792763013
2019-10-21 16:00:00,131.12987,85.26319,10.0,24.0,-398386.15333650867,-347900.3025932963,-0.11308253344722521,0.20380569188468123,0.23307599493606462,False,330.9760930303219
2019-10-21 17:00:00,131.08707,85.26942,10.5,24.0,-398121.93457159353,-347145.7138100991,-0.11096640174664038,0.18505627302202649,0.21577619540023316,False,329.05158133799387
2019-10-21 18:00:00,131.04321,85.27513,10.0,24.0,-397906.9833327039,-346422.4549465863,-0.11387671573864563,0.16831826291971702,0.2032214162428047,False,325.91945098116753
2019-10-21 19:00:00,130.99803,85.28028,10.0,24.0,-397746.2857391946,-345731.5620457187,-0.12066869369593333,0.15669748891802038,0.1977752175362123,False,322.4010599501327
2019-10-21 20:00:00,130.94875,85.28524,10.5,24.0,-397625.449105762,-345026.58175029996,-0.13507839611517686,0.15887192124711635,0.20853407505201293,False,319.62766253163164
2019-10-21 21:00:00,130.89217,85.29053,10.0,24.0,-397519.7221431202,-344247.30901908677,-0.15176320553926095,0.17235549260616356,0.22964861503406736,False,318.6352962806154
2019-10-21 22:00:00,130.82968,85.29636,10.0,24.0,-397402.67368919327,-343388.1879490183,-0.1647389021888701,0.19048815117492104,0.2518424936988071,False,319.1459327232519
2019-10-21 23:00:00,130.76276,85.30282,10.0,24.0,-397257.45699910406,-342453.1099174095,-0.17019935952641746,0.21295581291782356,0.27261327964479976,False,321.36731878663073
2019-10-22 00:00:00,130.6958,85.3101,10.0,24.0,-397041.4575992123,-341458.8958330564,-0.16751121863228016,0.23093231825470292,0.28528887812559917,False,324.0440205286236
2019-10-22 01:00:00,130.6308,85.31772,10.0,24.0,-396783.2342587283,-340454.5211351569,-0.1611822504214297,0.24255619879247214,0.2912271062651445,False,326.3953629810619
2019-10-22 02:00:00,130.56862,85.32575,10.0,24.0,-396471.7787901054,-339440.9305796161,-0.1515048657669285,0.24813447877851186,0.2907308788376955,False,328.5927780830009
2019-10-22 03:00:00,130.51106,85.33373,10.0,24.0,-396135.5412816763,-338463.98327323154,-0.14135766077157452,0.2424027081392192,0.28060837687431756,False,329.7513088241576
2019-10-22 04:00:00,130.45671,85.34139,10.0,24.0,-395806.00293437304,-337533.398372527,-0.13454486515981984,0.22783577588950032,0.2645967904492508,False,329.43668749310234
2019-10-22 05:00:00,130.40437,85.34843,10.0,24.0,-395515.93192206864,-336662.46213639237,-0.13561769238039004,0.20738334191127794,0.24779025200534446,False,326.81744513298
2019-10-22 06:00:00,130.349,85.35477,10.0,24.0,-395301.8898582703,-335822.01107781974,-0.14487339730071458,0.18677188196068673,0.23637266579828428,False,322.20033034707933
2019-10-22 07:00:00,130.28915,85.36048,10.0,24.0,-395166.4111996008,-334996.85663996584,-0.1567139085985431,0.1673994411374652,0.22930726556602646,False,316.8882722471925
2019-10-22 08:00:00,130.22421,85.36557,10.5,24.0,-395112.15233306604,-334181.93750442314,-0.1691208824705318,0.15221074144337304,0.22753017975282486,False,311.9875769637574
2019-10-22 09:00:00,130.15433,85.3703,10.0,24.0,-395116.0004666975,-333359.41514144116,-0.17846160910745945,0.14244324577878803,0.2283388363665276,False,308.59592398844393
2019-10-22 10:00:00,130.0818,85.37476,10.0,24.0,-395156.863572839,-332538.50597764313,-0.1865249996322456,0.1351610381594269,0.23034774087050058,False,305.92809857730924
2019-10-22 11:00:00,130.00534,85.37902,10.0,24.0,-395236.12967482256,-331705.2677447637,-0.19199405259223465,0.13221094239175768,0.23311252544405767,False,304.55207496934815
2019-10-22 12:00:00,129.9283,85.38329,10.0,24.0,-395316.3692652357,-330867.6922007209,-0.19155817482289772,0.13081391305612605,0.23196295866050587,False,304.32893135105473
2019-10-22 13:00:00,129.85205,85.38746,10.0,24.0,-395399.08780981606,-330043.1035248754,-0.18867824317313495,0.12647332121336846,0.22714528484131147,False,303.83442769573304
2019-10-22 14:00:00,129.77718,85.39145,10.0,24.0,-395487.8201736698,-329241.2579502016,-0.18135597942297657,0.12243902935421852,0.2188179772817359,False,304.0245029279938
2019-10-22 15:00:00,129.70667,85.39536,10.0,24.0,-395557.0062847173,-328475.54851161985,-0.1715922600081783,0.11934120223839711,0.20901250260790682,False,304.81833984115406
2019-10-22 16:00:00,129.63951,85.39915,10.0,24.0,-395616.05785456713,-327741.841708522,-0.16246231566663527,0.11360608236951768,0.19824314859060094,False,304.96419028666264
2019-10-22 17:00:00,129.57622,85.40269,10.0,24.0,-395673.3484919858,-327052.9472232977,-0.14868451086627166,0.11034762064152195,0.18515852978674166,False,306.58130795296745
2019-10-22 18:00:00,129.52003,85.40627,10.0,24.0,-395685.7108622685,-326410.52112749027,-0.13634745478118324,0.1057038626136717,0.17252227391486816,False,307.7847629801282
2019-10-22 19:00:00,129.46657,85.40951,10.0,24.0,-395710.96296275407,-325811.3564928955,-0.1330793787916738,0.09594270725769757,0.16405829493053395,False,305.78947199041124
2019-10-22 20:00:00,129.41293,85.41246,10.0,24.0,-395761.466524242,-325231.7331419458,-0.13513936198337978,0.08881461181483107,0.16171172631907088,False,303.31322030412747
2019-10-22 21:00:00,129.35774,85.41524,10.0,24.0,-395834.6829510338,-324653.6239064904,-0.14234929497970256,0.08680330327727,0.1667277278711135,False,301.37445828615546
2019-10-22 22:00:00,129.29822,85.41806,10.0,24.0,-395928.1885580483,-324042.92739905074,-0.1507177264324294,0.09145118366992133,0.1762928020526939,False,301.2481723436076
2019-10-22 23:00:00,129.23621,85.42114,10.0,24.0,-396012.4343842203,-323396.8233373618,-0.15551279706678187,0.09935482075294129,0.1845416225635376,False,302.573906072347
2019-10-23 00:00:00,129.17274,85.42447,10.0,24.0,-396082.34068710724,-322723.2001669042,-0.15628425207059413,0.10415683825850873,0.18781217852225174,False,303.68177654051584
2019-10-23 01:00:00,129.11002,85.42786,10.0,24.0,-396141.8292885039,-322050.7807075363,-0.15281718466434227,0.10477536948010152,0.18528618399229738,False,304.43553183351537
2019-10-23 02:00:00,129.04926,85.43123,10.5,24.0,-396191.0595924228,-321393.57703108387,-0.14916565844779453,0.10524194041830692,0.18255481281843697,False,305.20439670717315
2019-10-23 03:00:00,128.9894,85.43465,10.0,24.0,-396229.9662462801,-320739.3444038411,-0.14076057977758294,0.10043117661870815,0.17291605494094364,False,305.5074536205889
2019-10-23 04:00:00,128.93536,85.43771,10.0,24.0,-396266.67319115903,-320150.8797160925,-0.12921764502051047,0.0872597598564391,0.15592134387199874,False,304.03087793992995
2019-10-23 05:00:00,128.88477,85.44028,10.0,24.0,-396325.94565936865,-319620.8211262651,-0.12246686654843121,0.07114187567259789,0.1416308577832057,False,300.1526093263798
2019-10-23 06:00:00,128.83614,85.4423,10.0,24.0,-396421.48600993963,-319142.9575480983,-0.120261055884006,0.05827943532780107,0.13363837077899207,False,295.8551862613273
2019-10-23 07:00:00,128.78729,85.44404,10.0,24.0,-396542.0810573124,-318683.21398518485,-0.12180609165342594,0.04913549796737566,0.13134314266220667,False,291.9687115759423
2019-10-23 08:00:00,128.73737,85.44547,10.0,24.0,-396695.1084269013,-318237.73729422403,-0.12430546157122428,0.04200555044012178,0.13121095245524564,False,288.6712424155569
2019-10-23 09:00:00,128.68646,85.44675,10.0,24.0,-396866.2183070127,-317795.8421558998,-0.12423143402508047,0.040608409184489005,0.1307000080199799,False,288.10138237366084
2019-10-23 10:00:00,128.63657,85.44809,10.0,24.0,-397025.976083138,-317356.7815721046,-0.11968619546615301,0.04231175961642151,0.12694514715813293,False,289.46964591878293
2019-10-23 11:00:00,128.58932,85.44948,10.0,24.0,-397166.3057450408,-316932.5039959649,-0.11113895367788498,0.04417037977965748,0.11959468832056981,False,291.6745467138836
2019-10-23 12:00:00,128.54634,85.45094,10.0,24.0,-397276.50686518615,-316532.9514211608,-0.09761900530846217,0.0502137983956359,0.10977657193923998,False,297.2206316608683
2019-10-23 13:00:00,128.51004,85.45272,10.0,24.0,-397321.527630488,-316157.5042528754,-0.09161023972359744,0.056110928230150924,0.1074284519532146,False,301.4873130922232
2019-10-23 14:00:00,128.47191,85.45456,10.0,24.0,-397371.0754721602,-315765.26945703756,-0.08874658249438995,0.05765629221028424,0.10583101594462392,False,303.0107099163845
2019-10-23 15:00:00,128.43791,85.45644,10.0,24.0,-397394.04684892524,-315398.97967516363,-0.08275669701269758,0.05734902141280058,0.10068555585314752,False,304.72131866862435
2019-10-23 16:00:00,128.40462,85.45826,10.0,24.0,-397418.0667483457,-315041.85807534313,-0.08172874025588243,0.053319530691205014,0.09758360178300374,False,303.1202820613524
2019-10-23 17:00:00,128.37143,85.45988,10.5,24.0,-397458.7553614653,-314699.36386314104,-0.08230149410941906,0.04712010046501047,0.0948358571452561,False,299.7924455058535
2019-10-23 18:00:00,128.33765,85.4613,10.0,24.0,-397519.9245565113,-314366.67984541244,-0.08255843441398879,0.04138447883987363,0.0923502581573914,False,296.6234628561041
2019-10-23 19:00:00,128.30423,85.46255,10.0,24.0,-397593.75428474863,-314048.2906192325,-0.08209197895714751,0.03859477510228007,0.0907119048102085,False,295.18012403849355
2019-10-23 20:00:00,128.27081,85.46379,10.5,24.0,-397668.2239779735,-313730.61343322776,-0.08474467709051482,0.039681399585242416,0.09357496336210507,False,295.0911793934249
2019-10-23 21:00:00,128.23521,85.46511,10.0,24.0,-397747.3701352658,-313392.29717215063,-0.09177526538214742,0.04541763858455006,0.10239854115445393,False,296.3298348367846
2019-10-23 22:00:00,128.19604,85.46672,10.0,24.0,-397820.3197131714,-313009.2028722246,-0.09863931428557607,0.053941532905592934,0.11242510082243119,False,298.67232281695215
2019-10-23 23:00:00,128.15482,85.46859,10.0,24.0,-397881.30015391833,-312593.9930841534,-0.10265789210886869,0.06308590132322939,0.12049262947583292,False,301.5717891218427
2019-10-24 00:00:00,128.11234,85.47079,10.0,24.0,-397919.77784509124,-312147.37588285276,-0.10513082610886904,0.07703552182305093,0.13033404091365774,False,306.23241970986754
2019-10-24 01:00:00,128.06906,85.47356,10.0,24.0,-397912.08445045253,-311656.0930635662,-0.10524066158946895,0.09268923198056168,0.14023869144047052,False,311.37153190210245
2019-10-24 02:00:00,128.02644,85.47677,10.0,24.0,-397861.61088779493,-311139.3341116016,-0.09991885666565317,0.10322677697357237,0.14366469782699923,False,315.9328929224984
2019-10-24 03:00:00,127.98745,85.48022,10.0,24.0,-397769.7983694834,-310631.5401343391,-0.09103698234058996,0.10679224074167487,0.14032930854354242,False,319.5534653889312
2019-10-24 04:00:00,127.95203,85.48366,9.5,24.0,-397659.03467331955,-310149.4793351606,-0.08566258027570459,0.10152462375159775,0.1328357139002724,False,319.8436117103016
2019-10-24 05:00:00,127.91738,85.48677,10.0,24.0,-397572.7186577309,-309695.6484028562,-0.08542854549780542,0.09594577440389684,0.1284664470273623,False,318.3186550304256
2019-10-24 06:00:00,127.8821,85.48985,10.5,24.0,-397492.04172485805,-309239.7203388887,-0.09339079718186247,0.0891302166286837,0.12909700428181847,False,313.66278980832124
2019-10-24 07:00:00,127.84088,85.49252,10.0,24.0,-397479.0986552375,-308770.8767402027,-0.10360906790350362,0.08029265973164976,0.13107917515233042,False,307.7741752123386
2019-10-24 08:00:00,127.79718,85.49503,10.0,24.0,-397493.1404788647,-308295.9509173867,-0.11140295779433011,0.07610931378567035,0.1349194079821392,False,304.34047314662644
2019-10-24 09:00:00,127.74952,85.49743,10.5,24.0,-397537.66975122836,-307801.2243627687,-0.12259555221473903,0.06898111229730787,0.14067005110047626,False,299.36524903519967
2019-10-24 10:00:00,127.69659,85.49948,10.0,24.0,-397640.82186308276,-307293.95121228945,-0.13472842245578737,0.06479606753793893,0.14950009426688082,False,295.6846865838712
2019-10-24 11:00:00,127.63892,85.50161,10.0,24.0,-397761.6847710708,-306748.3921387001,-0.14386951576340956,0.06851411400686458,0.15935062404692235,False,295.4649100368441
2019-10-24 12:00:00,127.57843,85.5039,10.5,24.0,-397882.77126697276,-306172.42815032805,-0.15102002219388846,0.07781482893085051,0.16988877156828255,False,297.26031593147763
2019-10-24 13:00:00,127.51482,85.50663,10.0,24.0,-397980.77596131817,-305544.97399696294,-0.15285986141844599,0.08540381160844349,0.17509982372954297,False,299.1923799966878
2019-10-24 14:00:00,127.45275,85.50941,10.0,24.0,-398065.2524106809,-304924.9858268061,-0.15078081573439356,0.08897087858673348,0.17507333214977208,False,300.54347911545483
2019-10-24 15:00:00,127.39077,85.51237,10.0,24.0,-398132.414293093,-304293.6000985469,-0.14827302215956736,0.09919878198560961,0.17839643339416866,False,303.78362511563495
2019-10-24 16:00:00,127.33068,85.51581,10.0,24.0,-398146.0638217895,-303643.0761509215,-0.13802920441050012,0.10167358680785327,0.17143389257836297,False,306.3757034294067
2019-10-24 17:00:00,127.27706,85.51893,10.0,24.0,-398152.98641829175,-303059.4475187503,-0.12970347210957484,0.09207101025554716,0.15905993086493006,False,305.36933138344295
2019-10-24 18:00:00,127.22375,85.52175,10.0,24.0,-398184.1885713201,-302498.47941094387,-0.1291635059488312,0.08013618688052036,0.15200335429438205,False,301.8164727942168
2019-10-24 19:00:00,127.17051,85.5241,10.0,24.0,-398256.1192155796,-301969.893551184,-0.12853960746429852,0.06448063630123155,0.1438060608767504,False,296.6401837498928
2019-10-24 20:00:00,127.11766,85.52591,10.0,24.0,-398373.4147259546,-301480.5137157295,-0.12950207121835294,0.05006725819849548,0.13884349748316688,False,291.1371782791315
2019-10-24 21:00:00,127.06358,85.52733,10.0,24.0,-398531.33911743935,-301008.8522012994,-0.1324946037614625,0.043557260007333114,0.13947062387920037,False,288.1981465856702
2019-10-24 22:00:00,127.00822,85.52872,15.0,24.0,-398698.11564581346,-300530.26962078974,-0.1344259727284245,0.043246206906662296,0.14121110634718845,False,287.83351295909824
2019-10-24 23:00:00,126.95251,85.53012,10.0,24.0,-398865.280509651,-300048.53838008246,-0.13236019951247874,0.04789357655632289,0.1407587194114082,False,289.8922889419508
2019-10-25 00:00:00,126.89882,85.53181,10.0,24.0,-398995.44198399305,-299561.4023158465,-0.12528779507914703,0.05316189934888821,0.13610003357154493,False,292.9923990756247
2019-10-25 01:00:00,126.84892,85.53355,10.0,24.0,-399100.7914298323,-299097.34003767517,-0.11895130156841743,0.05471464706019589,0.1309316796949554,False,294.70125677726037
2019-10-25 02:00:00,126.80043,85.53534,10.0,24.0,-399193.81782872486,-298639.8028505961,-0.10989110551436122,0.055640367032387145,0.12317428917865621,False,296.85413123720457
2019-10-25 03:00:00,126.75799,85.53714,10.0,24.0,-399253.9735078642,-298223.81451838557,-0.09419363608235858,0.05254046079645681,0.10785611294275266,False,299.1524304523539
2019-10-25 04:00:00,126.72246,85.53873,10.0,24.0,-399296.59807138226,-297870.07050211536,-0.076240310183408,0.04386070434926818,0.08795650222056456,False,299.91162253264247
2019-10-25 05:00:00,126.69486,85.53997,10.0,24.0,-399329.0761218555,-297594.99674774293,-0.060607792923708714,0.031773081366323744,0.06843123017010716,False,297.6653646501494
2019-10-25 06:00:00,126.67226,85.54078,10.0,24.0,-399373.92459920235,-297383.4714017995,-0.05332824970470859,0.02030499607006353,0.05706307985004882,False,290.8445799827539
2019-10-25 07:00:00,126.65068,85.54128,10.0,24.0,-399441.13457252027,-297199.7195580594,-0.05578340764063549,0.011936768608144337,0.05704625327579095,False,282.0782397349426
2019-10-25 08:00:00,126.62604,85.54155,10.0,24.0,-399544.72521382896,-297009.93590588646,-0.06408181643086142,0.0077523182262108775,0.0645490327964646,False,276.89785546651035
2019-10-25 09:00:00,126.59758,85.54178,10.0,23.0,-399671.5990499003,-296796.1337440592,-0.07071542793585558,0.007286208337207105,0.07108980644286754,False,275.8827473316593
2019-10-25 10:00:00,126.56744,85.54202,10.5,22.0,-399806.15880085103,-296569.89110356703,-0.07436815070604288,0.007131044558854566,0.07470926071068483,False,275.4772557628073
2019-10-25 11:00:00,126.53595,85.54224,10.0,21.0,-399949.36686499696,-296335.49436864344,-0.07519617747064489,0.008369765445599118,0.07566054506683828,False,276.35120637989144
2019-10-25 12:00:00,126.50512,85.54256,10.0,20.0,-400080.0565203583,-296098.9993362721,-0.07294631435444479,0.012244528230592418,0.07396683885017159,False,279.5286509363184
2019-10-25 13:00:00,126.47549,85.54303,10.0,19.0,-400190.9497080901,-295860.8795732815,-0.06880060451304429,0.01751408239790496,0.07099483265422163,False,284.2820352349355
2019-10-25 14:00:00,126.44809,85.54369,9.5,18.0,-400273.1406073026,-295625.70668000757,-0.06175945708547093,0.021388579454468093,0.06535825786059647,False,289.1020295120675
2019-10-25 15:00:00,126.42429,85.54441,10.0,17.0,-400331.24935759127,-295411.70139780955,-0.05093229839553309,0.021698146448715545,0.05536161647894261,False,293.0749446541272
2019-10-25 16:00:00,126.40586,85.54509,10.5,16.0,-400365.17332096596,-295237.8731585586,-0.0428926159697245,0.020770033173471092,0.04765680206175562,False,295.8378114372073
2019-10-25 17:00:00,126.38872,85.54575,10.0,15.0,-400394.1803028973,-295074.39265273936,-0.04151312009796081,0.014880426763920707,0.04409950386278881,False,289.72027792611607
2019-10-25 18:00:00,126.37143,85.54605,10.0,14.0,-400456.24748431216,-294933.69857266865,-0.04011153739810327,0.004804662317612483,0.04039826991871957,False,276.83049110972
2019-10-25 19:00:00,126.35545,85.54606,10.0,13.0,-400537.5911837822,-294821.3368346755,-0.040255366982680445,-0.0017045405962989209,0.04029143866325339,False,267.5753623910537
2019-10-25 20:00:00,126.33804,85.54594,10.0,12.0,-400637.94563762716,-294707.5507479742,,,,False,
