datetime,x,y,sigma_x_regrid,longitude,latitude,u,v,speed,speed_flag,bearing
2019-10-14 09:00:00,-405537.158,-405312.81198,0.0,134.98414740057416,84.86485328088551,,,,False,
2019-10-14 10:00:00,-405939.45416,-405384.72206,5.820766091346741e-11,134.96082477994727,84.86184693191184,-0.0699187105956117,-0.08699281777601205,0.11160813785725188,False,218.78987357915383
2019-10-14 11:00:00,-406336.08033,-405399.19291,0.0,134.9338704711025,84.8592393232961,-0.07676198504592104,-0.07160176622065136,0.10497245007194514,False,226.99199348702942
2019-10-14 12:00:00,-406694.76824,-405357.57873,2.098707060483278e-10,134.90565233094966,84.85722627197697,-0.07393602119110755,-0.04972013897570818,0.08909897557960832,False,236.08014754272375
2019-10-14 13:00:00,-406965.43085,-405274.86926,8.231806349783991e-11,134.88074723178482,84.85603091859267,-0.061728862926376145,-0.03105013674134991,0.06909821640129261,False,243.29721980384025
2019-10-14 14:00:00,-407166.79568,-405200.40536,0.0,134.86131192147369,84.8552227319178,-0.042655563032300337,-0.022023679154171583,0.048005619474061983,False,242.69204416881814
2019-10-14 15:00:00,-407294.46857,-405169.03209,5.820766091346741e-11,134.8501123287069,84.8546098819058,-0.01749354357856345,-0.01879965411348786,0.025679779238184264,False,222.93894325913317
2019-10-14 16:00:00,-407351.58724,-405206.57159,8.231806349783991e-11,134.84874921639172,84.85400964712024,0.007198268689429066,-0.018406442928258923,0.01976391189507957,False,158.64085801157796
2019-10-14 17:00:00,-407351.8752,-405299.23891,5.820766091346741e-11,134.85527965920127,84.85342204266345,0.02565774684432939,-0.021363910723100673,0.03338767219367517,False,129.7824410872862
2019-10-14 18:00:00,-407330.33134,-405446.02124,5.820766091346741e-11,134.86716785957773,84.85263091029584,0.03416293189384128,-0.027960468903865592,0.04414627659165915,False,129.29842635021964
2019-10-14 19:00:00,-407321.03075,-405615.59199,8.231806349783991e-11,134.8798008392247,84.85161767811327,0.03164688099337985,-0.031244883560381184,0.04447210165160767,False,134.63377649237032
2019-10-14 20:00:00,-407328.95643,-405766.21742,0.0,134.88987975530603,84.85061465437076,0.018957800987285486,-0.027953144016891605,0.03377538273214095,False,145.85490949506095
2019-10-14 21:00:00,-407367.2865,-405854.33507,0.0,134.89340466456528,84.84981386920602,-0.0007473789635939008,-0.024867917859334926,0.02487914616649558,False,181.7214458724746
2019-10-14 22:00:00,-407459.59647,-405888.77632,5.820766091346741e-11,134.8893447677761,84.8490098682391,-0.02142065250263375,-0.015753799798752688,0.026589971074406412,False,233.66741047106098
2019-10-14 23:00:00,-407556.49184,-405825.1187,1.1641532182693481e-10,134.87803975086956,84.84879715327646,-0.036360471734619385,0.0028237053637967663,0.036469949502920755,False,274.44060064822565
2019-10-15 00:00:00,-407629.91278,-405688.92007,5.820766091346741e-11,134.86326336643532,84.8491920173064,-0.040737666912863804,0.015306818230934919,0.04351845803631282,False,290.5932660434481
2019-10-15 01:00:00,-407685.28327,-405539.47859,5.820766091346741e-11,134.8488176058348,84.84978494468686,-0.03556334054082675,0.027685627477957837,0.045069337240202074,False,307.9003232373741
2019-10-15 02:00:00,-407669.16974,-405366.80419,8.231806349783991e-11,134.83774952090104,84.85097870090217,-0.024194308933079715,0.0371170050582046,0.044306169426391255,False,326.9021257528789
2019-10-15 03:00:00,-407618.60797,-405227.5199,1.1641532182693481e-10,134.83145781839724,84.85218025282578,-0.008354659554104894,0.037214825291377936,0.038141100636095694,False,347.34698763019287
2019-10-15 04:00:00,-407521.55594,-405135.23547,1.1641532182693481e-10,134.83175468418978,84.8533802862747,0.005931841832803143,0.034218506066793775,0.03472884831048383,False,9.834594758471837
2019-10-15 05:00:00,-407413.77377,-405084.10858,5.820766091346741e-11,134.8357169659488,84.85438843486496,0.012762786543667482,0.021930115897700563,0.025373582790883094,False,30.198349527332084
2019-10-15 06:00:00,-407344.79542,-405089.06968,8.231806349783991e-11,134.8409184573874,84.85479547475055,0.01178310810471406,0.009468903649389043,0.015116275100989375,False,51.214647181622695
2019-10-15 07:00:00,-407305.60932,-405096.19095,1.1641532182693481e-10,134.84417804633227,84.85499949624106,0.0008159645537651428,0.0001662625950079112,0.0008327312912938443,False,78.48296007152555
2019-10-15 08:00:00,-407339.80375,-405092.39101,1.1641532182693481e-10,134.8415043899009,84.85480620675521,-0.017729558221090368,-0.009203393301689873,0.019975977647680304,False,242.56622570718315
2019-10-15 09:00:00,-407442.60892,-405052.40366,5.820766091346741e-11,134.83144723796778,84.85440550797972,-0.03897988609417483,-0.009334723741825304,0.040082023242983156,False,256.5326905550278
2019-10-15 10:00:00,-407585.33652,-404940.73952,0.0,134.81351526305295,84.85420364425242,-0.0576805563746732,-0.003224696940745727,0.0577706262217358,False,266.8001453830219
2019-10-15 11:00:00,-407751.78384,-404774.15192,1.7462298274040222e-10,134.79003134456767,84.85419723103826,-0.07053652530037077,0.005984110098119694,0.07078990729698877,False,274.849192911071
2019-10-15 12:00:00,-407912.55389,-404549.95829,1.1641532182693481e-10,134.76286729154077,84.85458966550432,-0.07467124270042852,0.01839670768217514,0.076904052818884,False,283.84029399744804
2019-10-15 13:00:00,-408036.32351,-404299.14557,1.3015628661377063e-10,134.73641060771362,84.8553844395336,-0.0689710664510188,0.02778377059086511,0.07435688210002268,False,291.94116630217627
2019-10-15 14:00:00,-408119.97697,-404056.40361,8.231806349783991e-11,134.71333362299129,84.85638274214045,-0.0553826242424569,0.030991619435162827,0.06346428557224242,False,299.23098478674666
2019-10-15 15:00:00,-408158.30052,-403858.78392,5.820766091346741e-11,134.69662971659696,84.8573845920946,-0.03889615752812685,0.028158686050304624,0.04801898239792759,False,305.9024778781194
2019-10-15 16:00:00,-408172.83491,-403714.73142,1.7462298274040222e-10,134.68538999974018,84.85819999977498,-0.025583722785142718,0.02171634023447262,0.03355780542178533,False,310.3257378596572
2019-10-15 17:00:00,-408176.66743,-403617.86683,5.820766091346741e-11,134.67824704737365,84.85878605073957,-0.023642127667081764,0.012397503885620194,0.026695473459381853,False,297.67170337304844
2019-10-15 18:00:00,-408229.05191,-403530.92898,5.820766091346741e-11,134.66839999950403,84.85899999974775,-0.03306662079645853,0.0003006787919223493,0.03306798782255575,False,270.52098311087184
2019-10-15 19:00:00,-408342.49841,-403447.02567,0.0,134.65448368286982,84.85880537837258,-0.04781057019567402,-0.00917025751767819,0.04868207314172237,False,259.14230702005466
2019-10-15 20:00:00,-408517.95933,-403332.4588,1.3015628661377063e-10,134.6340418775139,84.85840804881315,-0.07415283015955437,-0.015571504039874687,0.07577013896473696,False,258.1406577182476
2019-10-15 21:00:00,-408797.38588,-403145.86668,5.820766091346741e-11,134.60120000036568,84.85779999972087,-0.1116827218099622,-0.021805184315090313,0.11379146019757574,False,258.95242093182674
2019-10-15 22:00:00,-409194.36742,-402870.15787,5.820766091346741e-11,134.55380000058685,84.8569999997413,-0.14697538455857206,-0.018581561583342773,0.14814532762465277,False,262.79453121545
2019-10-15 23:00:00,-409635.14814,-402485.64789,5.820766091346741e-11,134.49561000041598,84.85659999972843,-0.16398188598703484,-0.0061964332129021,0.1640989174748781,False,267.83597661557866
2019-10-16 00:00:00,-410053.66872,-402059.24951,8.231806349783991e-11,134.43600000014558,84.85659999974278,-0.15943689616439818,0.006039194524837824,0.159551232301872,False,272.16922821976414
2019-10-16 01:00:00,-410407.79108,-401635.53448,1.7462298274040222e-10,134.38107522816128,84.85699014231255,-0.14538025219868672,0.018327694568720534,0.14653095958724238,False,277.1852189031931
2019-10-16 02:00:00,-410691.47386,-401218.84607,8.231806349783991e-11,134.33155552307235,84.85778316660381,-0.12459817298454301,0.027666173321958656,0.1276327616929398,False,282.5190311825204
2019-10-16 03:00:00,-410892.21092,-400854.62646,8.231806349783991e-11,134.2915501605768,84.8587761650339,-0.09680787897735513,0.02194667744349435,0.09926440491386135,False,282.77324556560006
2019-10-16 04:00:00,-411065.10019,-400609.58031,1.1641532182693481e-10,134.26198999993773,84.85919999979095,-0.07347360574565026,0.009742436193381977,0.07411670394890324,False,277.5532307990577
2019-10-16 05:00:00,-411211.19317,-400426.81545,1.1641532182693481e-10,134.2387456450573,84.85940512538079,-0.05997925301492637,-0.008857227223828944,0.060629706137528744,False,261.5997553289493
2019-10-16 06:00:00,-411412.06944,-400344.67623,1.6463612699567982e-10,134.21888467378108,84.85862853934516,-0.059166785615926726,-0.024337593086161416,0.06397676888800033,False,247.6407342791589
2019-10-16 07:00:00,-411633.8712,-400243.71493,5.820766091346741e-11,134.1962272611647,84.85783447807017,-0.06941718886777265,-0.03373194189774356,0.07717894800071304,False,244.08346098717743
2019-10-16 08:00:00,-411934.6188,-400155.64768,8.231806349783991e-11,134.16901108365462,84.85645156960842,-0.08489591903218294,-0.043310951907339676,0.09530559072498765,False,242.97090289818664
2019-10-16 09:00:00,-412283.45486,-400022.55468,1.3015628661377063e-10,134.13524646741624,84.85503921883742,-0.10360103482339186,-0.03725376665163541,0.11009549285148851,False,250.22198585720918
2019-10-16 10:00:00,-412646.55477,-399807.07814,1.1641532182693481e-10,134.09461099084902,84.85404710402162,-0.12071780308073068,-0.028256924727848763,0.12398081212717306,False,256.8257268279118
2019-10-16 11:00:00,-413034.37742,-399539.89488,8.231806349783991e-11,134.04857210603748,84.85321537110197,-0.1298657196050443,-0.01325770199624908,0.1305406901726712,False,264.1709953355503
2019-10-16 12:00:00,-413365.26203,-399201.38955,1.3015628661377063e-10,134.00137676571634,84.85319147106978,-0.1307557769589438,0.005651135773211614,0.13087783824492338,False,272.47472703798053
2019-10-16 13:00:00,-413659.10603,-398834.4291,1.8406878575731415e-10,133.9547028437226,84.85358008962814,-0.12349436305285583,0.017861924871955856,0.12477942965874607,False,278.23004821447785
2019-10-16 14:00:00,-413889.83629,-398472.02971,8.231806349783991e-11,133.912714589698,84.85434446573102,-0.10533149617922848,0.024450082891161684,0.10813200562617666,False,283.0683518924783
2019-10-16 15:00:00,-414058.2749,-398165.99436,8.231806349783991e-11,133.87907261283826,84.8551584011074,-0.08325778917455043,0.025278007285755476,0.0870105574661638,False,286.88888386136205
2019-10-16 16:00:00,-414174.15486,-397913.7868,1.8406878575731415e-10,133.85292473826706,84.85597606056537,-0.06199789179854304,0.019246588311071625,0.06491663692059016,False,287.2464018122672
2019-10-16 17:00:00,-414267.60498,-397748.09069,0.0,133.83454481288112,84.85640069511057,-0.04733075452526188,0.0007792402743460256,0.04733716868736195,False,270.94321643754097
2019-10-16 18:00:00,-414406.12554,-397664.08084,5.820766091346741e-11,133.81892892695274,84.85602642024509,-0.04127044691183654,-0.015065370910412003,0.043934214332010155,False,249.945886944363
2019-10-16 19:00:00,-414551.60925,-397608.7927,0.0,133.80490221822134,84.85542853209309,-0.044054236007604976,-0.027571233157000656,0.05197065141030514,False,237.95971214691727
2019-10-16 20:00:00,-414768.95331,-397572.57573,1.3015628661377063e-10,133.78729242901989,84.85424710131124,-0.05744856396672675,-0.04038330465250576,0.07022213893421496,False,234.89480805497223
2019-10-16 21:00:00,-415047.73746,-397511.38863,8.231806349783991e-11,133.76365572304985,84.85282231578978,-0.07648918788260567,-0.040726886199379274,0.08665607377695887,False,241.96680346235416
2019-10-16 22:00:00,-415361.65271,-397377.67,8.231806349783991e-11,133.73238791867618,84.85161857777115,-0.09854434111486152,-0.03422046984814402,0.1043169579809051,False,250.84995068140353
2019-10-16 23:00:00,-415716.25545,-397169.03207,8.231806349783991e-11,133.6929357840072,84.85061353870744,-0.12039668527730088,-0.025073828601194524,0.12297991180060067,False,258.235731230709
2019-10-17 00:00:00,-416091.00486,-396875.59765,0.0,133.64600000044757,84.84999999976841,-0.12814406551839386,-0.015708088658496322,0.12910323612088737,False,263.01146338588046
2019-10-17 01:00:00,-416434.90028,-396579.45565,5.820766091346741e-11,133.60099999996373,84.84959999973988,-0.11546502952044248,-0.009254828036585845,0.11583533521401589,False,265.41738829506824
2019-10-17 02:00:00,-416712.58356,-396319.52215,5.820766091346741e-11,133.56316694446195,84.84940323064042,-0.09775781053038717,-0.0031299219125624153,0.09780790321274561,False,268.16618155338836
2019-10-17 03:00:00,-416936.29504,-396084.96122,5.820766091346741e-11,133.53087286356188,84.84939832367412,-0.07712612470928837,0.0028436439127973306,0.07717852954919192,False,272.11154167181326
2019-10-17 04:00:00,-417080.20553,-395902.82038,8.231806349783991e-11,133.507840362995,84.84958713971821,-0.04757125442886055,0.006168623564148219,0.04796953371267589,False,277.38838785407665
2019-10-17 05:00:00,-417139.88679,-395805.96626,1.3015628661377063e-10,133.49674721073634,84.8497967187984,-0.017712383922641357,0.0005130372819010312,0.01771981239956181,False,271.65910217548844
2019-10-17 06:00:00,-417165.30598,-395807.76647,2.098707060483278e-10,133.49513407402492,84.8496203417372,0.0002476398157040833,-0.011932981509949259,0.011935550812388713,False,178.81113702251804
2019-10-17 07:00:00,-417200.98691,-395866.3961,5.820766091346741e-11,133.49692459904907,84.84902665592699,0.003543417466980333,-0.024236383095144205,0.02449404157912477,False,171.6821503025452
2019-10-17 08:00:00,-417274.33095,-395946.38603,0.0,133.4976757929656,84.84805631458768,-0.004634638987749136,-0.03384359842827374,0.03415946476631355,False,187.79774442060432
2019-10-17 09:00:00,-417400.71752,-396009.91674,5.820766091346741e-11,133.49360194985638,84.84684263769991,-0.01718925958358485,-0.037537232179232716,0.04128576564276709,False,204.6042559911151
2019-10-17 10:00:00,-417555.57983,-396042.62062,5.820766091346741e-11,133.48535232392598,84.84563390867511,-0.02843950414090284,-0.03129485506293758,0.04228679875789488,False,222.26329828014667
2019-10-17 11:00:00,-417705.11322,-396016.41014,5.820766091346741e-11,133.4732160005219,84.84482304428599,-0.03374832093502987,-0.021993962576950396,0.04028254654028305,False,236.90749597078351
2019-10-17 12:00:00,-417837.67797,-395975.23698,5.820766091346741e-11,133.4611642651969,84.84421458719504,-0.029568206960778713,-0.012755783651745898,0.03220231170965201,False,246.66453600437666
2019-10-17 13:00:00,-417918.21548,-395925.05955,5.820766091346741e-11,133.4520257923961,84.84399993134794,-0.017836765637788566,-0.0004280466208257429,0.017841901028954155,False,268.6252800049084
2019-10-17 14:00:00,-417928.23901,-395884.12659,0.0,133.44838210255108,84.84418701950732,0.0013038853668051187,0.011640263807546826,0.011713063585546397,False,6.391350015906369
2019-10-17 15:00:00,-417850.91386,-395874.23903,1.1641532182693481e-10,133.45296081036778,84.84475109957236,0.025338639282148634,0.021258098803319515,0.033074966445977544,False,50.00470305252941
2019-10-17 16:00:00,-417691.65449,-395911.29844,5.820766091346741e-11,133.46654379116868,84.84555872706908,0.04769258148823179,0.02493047344093878,0.05381552596603496,False,62.402458443317585
2019-10-17 17:00:00,-417484.41122,-395999.97765,1.3015628661377063e-10,133.4871482452109,84.84635973375815,0.06747448357599661,0.024696341590603816,0.07185203700527372,False,69.89686455646063
2019-10-17 18:00:00,-417228.31076,-396141.40221,1.3015628661377063e-10,133.51491853239853,84.84715216799336,0.0756318158303392,0.02202126060121261,0.0787725046209708,False,73.76634257585698
2019-10-17 19:00:00,-416994.48362,-396285.7113,5.820766091346741e-11,133.54137734943473,84.84778087314439,0.06892987035756352,0.018995419588514476,0.07149932162513316,False,74.59306996902313
2019-10-17 20:00:00,-416787.28461,-396406.9393,1.3015628661377063e-10,133.56434865527586,84.84837812190612,0.05384547691255715,0.02105922210957584,0.05781717927918287,False,68.63929565139398
2019-10-17 21:00:00,-416617.43292,-396462.13375,1.3015628661377063e-10,133.57999490749,84.8491400953144,0.03432305034992665,0.03003858496270574,0.04561127461368835,False,48.80848212181718
2019-10-17 22:00:00,-416460.24984,-396436.86575,5.820766091346741e-11,133.58896847687288,84.85031670908326,0.014035915697351374,0.05164689302104529,0.053520168985070025,False,15.203890044017953
2019-10-17 23:00:00,-416278.41683,-396278.94252,1.8406878575731415e-10,133.59006364419014,84.85247304692044,-0.0008790954080679161,0.07825273300476554,0.07825767075150913,False,359.35636320932883
2019-10-18 00:00:00,-416056.53393,-396043.8069,1.1641532182693481e-10,133.58833606076792,84.85536652691822,-0.004055110848717271,0.10709552010738402,0.10717226484061293,False,357.831563864951
2019-10-18 01:00:00,-415740.03892,-395726.15143,2.098707060483278e-10,133.58715142269878,84.85938414620763,0.003540596469717716,0.1302467581043539,0.13029487257776284,False,1.5571311809151211
2019-10-18 02:00:00,-415359.70161,-395415.71484,1.3015628661377063e-10,133.5908849140003,84.8637716000378,0.017060797164679974,0.14103002487619232,0.142058222980839,False,6.897713252310723
2019-10-18 03:00:00,-414919.89455,-395114.98669,5.820766091346741e-11,133.59942869722133,84.86848503186066,0.03246597352130161,0.1455321896091589,0.1491095491547139,False,12.575878208447136
2019-10-18 04:00:00,-414439.68379,-394862.39755,8.231806349783991e-11,133.61426631236307,84.87316293210993,0.04999936785050068,0.14688754857082528,0.1551640702952724,False,18.798170918641972
2019-10-18 05:00:00,-413905.8742,-394646.09779,1.1641532182693481e-10,133.63546772026615,84.87796374473685,0.06095376332357272,0.14578542373830733,0.15801503421467192,False,22.69009836687127
2019-10-18 06:00:00,-413377.15337,-394455.6923,5.820766091346741e-11,133.65823520498344,84.88257063032376,0.06242421586379434,0.14097848357718298,0.15418078855010325,False,23.883403602007434
2019-10-18 07:00:00,-412861.2358,-394270.5231,5.820766091346741e-11,133.68053628312342,84.88706129626733,0.053606265710374926,0.12872767248534878,0.1394433411350522,False,22.608386157389532
2019-10-18 08:00:00,-412440.29986,-394094.7137,1.3015628661377063e-10,133.6969648951057,84.89087776616002,0.036193467496369335,0.11884376077768838,0.12423287232127883,False,16.937937759681176
2019-10-18 09:00:00,-412062.5504,-393867.7947,1.3015628661377063e-10,133.70670503901502,84.89473055619669,0.016167942776665452,0.12852649205215352,0.12953942076781805,False,7.169840571646375
2019-10-18 10:00:00,-411690.91267,-393539.44983,1.3015628661377063e-10,133.7086600811108,84.89917178377789,-0.002176740587252937,0.14264331250221723,0.14265992009387007,False,359.12573280200826
2019-10-18 11:00:00,-411330.97696,-393146.79515,5.820766091346741e-11,133.70512334727297,84.90393545244926,-0.015480762986232618,0.16458792196126595,0.16531436137905164,False,354.6266985947704
2019-10-18 12:00:00,-410911.25992,-392640.07863,0.0,133.69743081144463,84.90979273328703,-0.01633130941913749,0.19089338962986968,0.1915907040326457,False,355.1101386957721
2019-10-18 13:00:00,-410418.4988,-392112.25449,5.820766091346741e-11,133.69327290931793,84.91625395386646,-0.0038437615550001997,0.21322274743588315,0.21325739032211313,False,358.9672421656445
2019-10-18 14:00:00,-409820.35138,-391559.55324,5.820766091346741e-11,133.69464453900594,84.92355210350571,0.012023452628394868,0.22774933038417072,0.22806648351641984,False,3.021981076329496
2019-10-18 15:00:00,-409173.07182,-391042.05169,8.231806349783991e-11,133.7020325066009,84.93095063564995,0.029777762437926528,0.23167459147563046,0.23358046037973695,False,7.324224157757385
2019-10-18 16:00:00,-408466.3112,-390562.078,1.1641532182693481e-10,133.71635930126178,84.93850196163292,0.04884765880402378,0.22802121722282548,0.23319470250074997,False,12.091386289876368
2019-10-18 17:00:00,-407743.40431,-390161.65516,5.820766091346741e-11,133.7376981488552,84.94566462057465,0.05894990590142937,0.20777695597396686,0.2159776720857856,False,15.839553902418004
2019-10-18 18:00:00,-407091.9974,-389834.47329,0.0,133.75944793524488,84.95190972821011,0.06233465227002745,0.18257750244151988,0.19292525306814667,False,18.850661583597685
2019-10-18 19:00:00,-406483.5538,-389576.61718,8.231806349783991e-11,133.78331998058715,84.95744618264175,0.05835107590875374,0.16654656438272167,0.17647267824622936,False,19.308364979988028
2019-10-18 20:00:00,-405935.56741,-389308.06814,5.820766091346741e-11,133.80219508042364,84.96265703472349,0.04198492627126815,0.1611555238639526,0.16653479187806017,False,14.602349392058898
2019-10-18 21:00:00,-405436.87457,-388991.65163,0.0,133.814106893586,84.96784558572907,0.020564702195719015,0.16523145578109594,0.1665062790285666,False,7.09454896582298
2019-10-18 22:00:00,-404974.60714,-388591.28003,1.1641532182693481e-10,133.8172851402688,84.97331936706702,-0.002837849656734129,0.17436529842355697,0.1743883903389509,False,359.0675756274501
2019-10-18 23:00:00,-404545.16388,-388107.69779,1.1641532182693481e-10,133.8120115232136,84.97909717610739,-0.020764987866101828,0.18683339180241315,0.18798377859132787,False,353.65807487296104
2019-10-19 00:00:00,-404107.39369,-387552.11805,0.0,133.80199862035616,84.98537543892803,-0.03118174136734915,0.19509788749774004,0.19757400309955023,False,350.91943640077824
2019-10-19 01:00:00,-403686.73545,-386973.36968,0.0,133.78903371848205,84.99168651793238,-0.030252965394800962,0.195275651106597,0.19760521711302165,False,351.1934963365063
2019-10-19 02:00:00,-403243.15709,-386421.92595,5.820766091346741e-11,133.77968542111813,84.99797633234998,-0.014315054144418277,0.19273844642771143,0.19326931858555674,False,355.7523315857019
2019-10-19 03:00:00,-402756.10786,-385938.81019,0.0,133.77847040246692,85.00412366132963,-0.006516674992234364,0.16954720517113891,0.16967239561666678,False,357.7988768893763
2019-10-19 04:00:00,-402394.22084,-385543.45308,5.820766091346741e-11,133.77486410782478,85.00891688584727,-0.008139104409281325,0.13493699318640112,0.13518223681672104,False,356.54822592079756
2019-10-19 05:00:00,-402095.13151,-385224.35465,2.399963341663627e-10,133.7724469895063,85.0128308791613,-0.005143892038811569,0.10431477012135297,0.1044415189988046,False,357.1769599967744
2019-10-19 06:00:00,-401877.50247,-384997.12493,8.231806349783991e-11,133.77105446013906,85.01564810029332,-0.01177415265217309,0.07504612511691516,0.07596414658074137,False,351.0834252063865
2019-10-19 07:00:00,-401763.59716,-384789.34848,1.1641532182693481e-10,133.76371720666907,85.01767340157087,-0.028192396190509596,0.06214491119598092,0.06824075901189124,False,335.5983069524261
2019-10-19 08:00:00,-401694.76165,-384541.03901,8.231806349783991e-11,133.75014593699746,85.01965807222109,-0.04646747740413306,0.06735576075269548,0.08182924271235785,False,325.3989334969488
2019-10-19 09:00:00,-401644.63658,-384212.31268,5.820766091346741e-11,133.72924097592895,85.02201952114724,-0.06508661024752985,0.08266147850758016,0.10521020322465399,False,321.78354864679056
2019-10-19 10:00:00,-401588.62518,-383790.99788,1.1641532182693481e-10,133.70183233685754,85.02499178271398,-0.0806972662237687,0.09615873374387864,0.12553306676416356,False,319.99632593369915
2019-10-19 11:00:00,-401545.54087,-383313.92339,1.1641532182693481e-10,133.66930710757464,85.02822417651205,-0.09006954369052228,0.10869930213954779,0.14116678428810228,False,320.35444752153967
2019-10-19 12:00:00,-401470.30275,-382781.50767,0.0,133.63489449920203,85.03200577760606,-0.09107528157257318,0.1193422898430394,0.15012424540527594,False,322.6511755594534
2019-10-19 13:00:00,-401376.14835,-382246.38452,2.098707060483278e-10,133.60157533334333,85.03592507700965,-0.0873168657955545,0.12685070083758193,0.15399784204768774,False,325.45866918193036
2019-10-19 14:00:00,-401242.47929,-381696.3812,1.3015628661377063e-10,133.56990576437457,85.0401911875905,-0.08004602610723355,0.12736685568829256,0.15043165299724076,False,327.85194213262105
2019-10-19 15:00:00,-401108.95084,-381196.7521,8.231806349783991e-11,133.5419527689297,85.04414386604176,-0.07145048768279785,0.1184705657580568,0.1383490048433443,False,328.9055059516975
2019-10-19 16:00:00,-400978.56638,-380735.86532,1.7462298274040222e-10,133.51664220481672,85.04783585046698,-0.06738065399582599,0.1006420506158612,0.12111554353207844,False,326.19737660281476
2019-10-19 17:00:00,-400917.52399,-380345.99043,1.1641532182693481e-10,133.4916871924564,85.05063800551706,-0.0678693625068875,0.07800881804173307,0.10340031943548109,False,318.9760241333377
2019-10-19 18:00:00,-400907.4135,-379994.79099,0.0,133.46598116289297,85.05286948789502,-0.07213907841240069,0.06010137551869249,0.09389473879525617,False,309.79876294753535
2019-10-19 19:00:00,-400960.76455,-379671.33259,1.3015628661377063e-10,133.43781427172064,85.05451605670982,-0.07951387083949592,0.04156695693587355,0.08972328329251447,False,297.5989303203953
2019-10-19 20:00:00,-401083.73043,-379373.31033,0.0,133.4065814353827,85.05555153280416,-0.08346733945413813,0.031389042764116096,0.08917437278276664,False,290.6094619790497
2019-10-19 21:00:00,-401209.5413,-379079.43279,5.820766091346741e-11,133.37544543945245,85.05654149428611,-0.08249772930763187,0.02791449702222042,0.08709244792126844,False,288.69411517220976
2019-10-19 22:00:00,-401345.57486,-378803.53073,1.1641532182693481e-10,133.3449257055468,85.05735279261754,-0.08140845364331377,0.03312141604573959,0.08788836399359441,False,292.13918323327994
2019-10-19 23:00:00,-401438.43509,-378489.48475,1.1641532182693481e-10,133.31458947773277,85.05867871832118,-0.07922453948987523,0.054080700051446384,0.09592314514984021,False,304.31844631884945
2019-10-20 00:00:00,-401453.56988,-378121.37982,5.820766091346741e-11,133.28568495250778,85.06084250337013,-0.0752711909009378,0.07114743612294902,0.10357465832197822,False,313.38674008366803
2019-10-20 01:00:00,-401437.1198,-377743.74837,8.231806349783991e-11,133.2582837187552,85.06326968481412,-0.06745331158426081,0.08079702572345068,0.10525259431215615,False,320.1432183893094
2019-10-20 02:00:00,-401362.72576,-377369.02585,5.820766091346741e-11,133.23520364174306,85.06605622019656,-0.0535986584475958,0.08868222652864854,0.10362120193020619,False,328.8516506322212
2019-10-20 03:00:00,-401236.27981,-377025.21674,1.3015628661377063e-10,133.21815097051268,85.06899221772589,-0.03941686847165631,0.09514407039652832,0.10298584199651616,False,337.4964512968785
2019-10-20 04:00:00,-401057.84463,-376693.10657,1.8406878575731415e-10,133.20567206873423,85.07219562504716,-0.027520192898705963,0.09136285418560183,0.09541767206404445,False,343.2367205646286
2019-10-20 05:00:00,-400892.45383,-376430.43725,5.820766091346741e-11,133.1975213581483,85.07488759306933,-0.018764414266604062,0.07249649847356524,0.07488554956529585,False,345.48848521764944
2019-10-20 06:00:00,-400769.80657,-376237.31628,5.820766091346741e-11,133.19159782643192,85.0768735754859,-0.01728079405099976,0.06160505391974931,0.06398287670532084,False,344.33069481324674
2019-10-20 07:00:00,-400654.22984,-376036.13741,1.7462298274040222e-10,133.1845523201423,85.07886272124942,-0.021919129838114764,0.06202142898340537,0.06578074114817899,False,340.53597031957224
2019-10-20 08:00:00,-400552.20275,-375816.64331,8.231806349783991e-11,133.17514070441175,85.08087554924663,-0.029837631464364352,0.05946879516834151,0.0665343659335338,False,333.35543475103526
2019-10-20 09:00:00,-400488.97026,-375586.49787,0.0,133.16214113360283,85.0826999494115,-0.03810516188469604,0.06432068849430064,0.07476064693834418,False,329.35645378165145
2019-10-20 10:00:00,-400402.07966,-375299.72473,8.231806349783991e-11,133.14650779341144,85.08502585125889,-0.043246891132412965,0.07974073137546214,0.09071316240167351,False,331.5270839792726
2019-10-20 11:00:00,-400283.01901,-374966.6841,1.3015628661377063e-10,133.1296299015384,85.08784526695476,-0.04352704013976366,0.0959480658279454,0.10535954897137868,False,335.5984810071646
2019-10-20 12:00:00,-400112.16137,-374598.72239,8.231806349783991e-11,133.11376828689504,85.09121701082599,-0.03965024986530394,0.11276009953288965,0.11952816555543809,False,340.6266078473915
2019-10-20 13:00:00,-399885.46581,-374203.40917,8.231806349783991e-11,133.0997867767627,85.09512124514438,-0.030160596175472273,0.12933283678431226,0.13280302794867843,False,346.87314783882374
2019-10-20 14:00:00,-399580.61111,-373803.90294,5.820766091346741e-11,133.0910529699953,85.09956239208189,-0.012717498693805687,0.146011381564634,0.14656417815905798,False,355.0221364469678
2019-10-20 15:00:00,-399180.30143,-373418.34786,0.0,133.09020566628925,85.10454277151416,0.00982017756079577,0.15659642255467537,0.1569040325939649,False,3.5883253098685373
2019-10-20 16:00:00,-398708.92343,-373085.29102,0.0,133.09847377696218,85.10966679803097,0.03665259422575351,0.15517674558476896,0.15944665262638114,False,13.289636879801947
2019-10-20 17:00:00,-398184.1809,-372847.66021,1.3015628661377063e-10,133.11790713394066,85.11455537247434,0.06593402250277228,0.152060972211967,0.16574026243928985,False,23.441677061936105
2019-10-20 18:00:00,-397585.2717,-372683.4913,1.3015628661377063e-10,133.1483473818619,85.11947815526871,0.08491202902589474,0.14633743446254813,0.16918834888483,False,30.124371993129728
2019-10-20 19:00:00,-396997.36082,-372573.13806,5.820766091346741e-11,133.1821869346233,85.12399764614034,0.08316549618744018,0.12566474735539246,0.15069216464036125,False,33.496770563084795
2019-10-20 20:00:00,-396515.75312,-372500.95531,1.1641532182693481e-10,133.21135283531999,85.12758688940951,0.06319109386122662,0.10307257919474676,0.12090107909045185,False,31.511368994791155
2019-10-20 21:00:00,-396144.95929,-372396.61444,0.0,133.23009301487025,85.13064876262837,0.02645528914726865,0.09672104054358659,0.10027383511016076,False,15.297468408715815
2019-10-20 22:00:00,-395877.89189,-372162.76001,8.231806349783991e-11,133.23141472522926,85.1338280531873,-0.01590564730909838,0.11181296931471307,0.11293861041864467,False,351.9038647456606
2019-10-20 23:00:00,-395636.84343,-371761.75682,5.820766091346741e-11,133.21800483780262,85.13786332813787,-0.035697819542268215,0.15553310778978485,0.15957719742751839,False,347.0734072066472
2019-10-21 00:00:00,-395237.80989,-371208.61405,8.231806349783991e-11,133.20428323808756,85.14386375472327,-0.03688059793429409,0.20213246181924932,0.20546948830690492,False,349.65969554107016
2019-10-21 01:00:00,-394757.80002,-370571.86237,5.820766091346741e-11,133.18994194920597,85.15090579775662,-0.03516292190570654,0.22842466610868525,0.23111525082480205,False,351.2487741075528
2019-10-21 02:00:00,-394211.98495,-369898.39331,1.6463612699567982e-10,133.1774932513695,85.15860272389578,-0.025321948978976286,0.2441332332991477,0.24544293980717793,False,354.07835102156344
2019-10-21 03:00:00,-393600.72915,-369236.14363,5.820766091346741e-11,133.17062655919707,85.16665834500911,-0.011544307722997957,0.24826285327795095,0.24853111547352108,False,357.3376444410766
2019-10-21 04:00:00,-392965.19964,-368614.81832,0.0,133.16867708372217,85.17462163324771,-0.006661617803063485,0.2338454065497697,0.23394027296765552,False,358.3682408286818
2019-10-21 05:00:00,-392405.55855,-368049.26983,5.820766091346741e-11,133.16552462619927,85.18174690302719,-0.012329491343473109,0.20925480947722283,0.20961772741382728,False,356.62797705192077
2019-10-21 06:00:00,-391927.01978,-367519.36818,0.0,133.15921932445985,85.18812346005126,-0.02345266026301049,0.17292138087722686,0.17450453070880179,False,352.2763218253473
2019-10-21 07:00:00,-391612.86588,-367074.45638,0.0,133.1475143718069,85.1929042948857,-0.044607523378108145,0.1451133844785423,0.15181477364454918,False,342.9126912202047
2019-10-21 08:00:00,-391384.37085,-366570.51296,5.820766091346741e-11,133.12492568533239,85.19748636529846,-0.0732179370092436,0.14520357909533962,0.16261902004988874,False,333.24077897917124
2019-10-21 09:00:00,-391210.18532,-365975.02273,5.820766091346741e-11,133.09117593635827,85.20227281599348,-0.09960915806346224,0.1540815579755841,0.1834750960710883,False,327.1185300347705
2019-10-21 10:00:00,-391064.17511,-365288.88495,0.0,133.04820774212286,85.2074276459095,-0.12211742962824346,0.17363098518290943,0.21227431694530713,False,324.8806708893005
2019-10-21 11:00:00,-390896.79104,-364479.12353,0.0,132.99701821044857,85.21347541249781,-0.13377517697559432,0.1997473777276623,0.2404055175821241,False,326.18891671381766
2019-10-21 12:00:00,-390669.15637,-363603.64215,8.231806349783991e-11,132.9449415615516,85.22031581478129,-0.13637344474119065,0.22233665576101547,0.26082811375611115,False,328.47651898999675
2019-10-21 13:00:00,-390393.93013,-362669.73862,1.1641532182693481e-10,132.89159647502035,85.22782103346924,-0.13227653615351828,0.23230472406956035,0.26732483394141965,False,330.3423990858827
2019-10-21 14:00:00,-390091.95266,-361767.48983,1.3015628661377063e-10,132.8425421023789,85.23530497490475,-0.12281012452012136,0.23074589755599276,0.2613924174944033,False,331.9767069253065
2019-10-21 15:00:00,-389777.03739,-360891.68829,1.3015628661377063e-10,132.79637485831498,85.24270945018583,-0.11472189922373702,0.22562334809108414,0.2531146170519036,False,333.04819175129757
2019-10-21 16:00:00,-389461.12598,-360057.72626,0.0,132.75345573994682,85.24986284159324,-0.1072835619921505,0.20902676728724967,0.2349509568320198,False,332.8307133907985
2019-10-21 17:00:00,-389196.31715,-359302.84179,5.820766091346741e-11,132.71294305336318,85.2561963720226,-0.1059831926017459,0.1899065560392901,0.21747859007443193,False,330.83495493696137
2019-10-21 18:00:00,-388974.08282,-358569.55215,5.820766091346741e-11,132.67091637866747,85.26211582652384,-0.10915039882166241,0.17582173452294556,0.20694707510275448,False,328.1679270830716
2019-10-21 19:00:00,-388798.20182,-357866.99339,1.7462298274040222e-10,132.62783242026097,85.26754058122364,-0.1157386204607897,0.16337303691394883,0.20021532772655848,False,324.6850379081794
2019-10-21 20:00:00,-388672.95997,-357159.80307,0.0,132.58056006839578,85.27265659735927,-0.12944033210123637,0.16242887807750578,0.20769675011418837,False,321.4484948572518
2019-10-21 21:00:00,-388567.6722,-356389.45256,0.0,132.52666191894414,85.27802020253411,-0.14669989450275145,0.17702794606729633,0.22991248929956803,False,320.3520646106872
2019-10-21 22:00:00,-388447.57338,-355519.84866,0.0,132.46576377372966,85.28407804904391,-0.15934646302535246,0.19874742726609496,0.2547387585813783,False,321.2789799700657
2019-10-21 23:00:00,-388286.65988,-354576.98882,0.0,132.40181416204723,85.29084329347161,-0.16278637558151476,0.22017618085868546,0.27381920073742555,False,323.5227795751361
2019-10-22 00:00:00,-388067.30878,-353585.37091,5.820766091346741e-11,132.33804265970747,85.29828399595438,-0.1610816688000517,0.23797121125055484,0.28736318728651683,False,325.90610117566405
2019-10-22 01:00:00,-387801.26851,-352565.71607,5.820766091346741e-11,132.27523468282155,85.30619741619361,-0.15364179573090292,0.24768742444142394,0.29147017278246945,False,328.1884579456512
2019-10-22 02:00:00,-387491.91622,-351567.20753,5.820766091346741e-11,132.21711664457743,85.31426528371152,-0.14315096691374354,0.2489775324364013,0.28719681576657313,False,330.10302034483436
2019-10-22 03:00:00,-387166.19538,-350597.83661,1.3015628661377063e-10,132.16237280278406,85.32226175794693,-0.1354936245429172,0.2473694300739391,0.28204637424877926,False,331.2888067931237
2019-10-22 04:00:00,-386826.53849,-349648.57452,0.0,132.1101077017627,85.33022573749479,-0.12863600272245235,0.23088892080066653,0.264304587445824,False,330.87634613497966
2019-10-22 05:00:00,-386553.98763,-348796.00861,5.820766091346741e-11,132.0606179329805,85.33715885849657,-0.13019251235865328,0.2086222813861387,0.24591329074496018,False,328.0334235174891
2019-10-22 06:00:00,-386339.30956,-347946.35648,1.3015628661377063e-10,132.0069511545052,85.34368565511451,-0.13868011668939745,0.1932715127911518,0.2378782302388456,False,324.339032723797
2019-10-22 07:00:00,-386188.1886,-347122.80449,1.1641532182693481e-10,131.95058732008383,85.34962841633879,-0.1512116303011593,0.17346130559939493,0.23011688699133134,False,318.92032203139274
2019-10-22 08:00:00,-386138.26006,-346301.75831,5.820766091346741e-11,131.88682112286173,85.35487662571664,-0.16450373262041953,0.15296158366542656,0.2246301941491521,False,312.9178031976929
2019-10-22 09:00:00,-386159.08775,-345505.72892,8.231806349783991e-11,131.81975507005194,85.35949706503457,-0.1727181335389168,0.142882429124074,0.224158297204371,False,309.5995199800394
2019-10-22 10:00:00,-386200.78524,-344689.03016,8.231806349783991e-11,131.7493105211832,85.36409493610536,-0.18339006782490405,0.14078931278944085,0.23120023263947187,False,307.51359827326604
2019-10-22 11:00:00,-386282.03786,-343845.63399,5.820766091346741e-11,131.67360304612848,85.36858009971507,-0.18875990775531443,0.13671307390380796,0.23306816031372213,False,305.9146739242076
2019-10-22 12:00:00,-386369.1701,-343019.40891,0.0,131.59874014072906,85.37291559474984,-0.1864497603331305,0.13241894689170247,0.2286881952007784,False,305.38284508950784
2019-10-22 13:00:00,-386460.31885,-342208.75914,5.820766091346741e-11,131.52473579821014,85.37712369231927,-0.18416506624201912,0.13010060460786596,0.22548378864845153,False,305.2387122806722
2019-10-22 14:00:00,-386546.92828,-341405.68651,0.0,131.4515615910011,85.38130959302133,-0.1780410420310208,0.13416076953127293,0.22292986504440146,False,306.9994296302399
2019-10-22 15:00:00,-386584.91626,-340608.50743,1.1641532182693481e-10,131.3823207199565,85.38577994031404,-0.16667140722115564,0.13460954387228088,0.21424072275499773,False,308.9255318232159
2019-10-22 16:00:00,-386613.05038,-339864.57115,1.3015628661377063e-10,131.31812109099738,85.38999485937157,-0.155735155760388,0.1284299879059779,0.20186059678214055,False,309.5113521722875
2019-10-22 17:00:00,-386630.74016,-339155.8337,5.820766091346741e-11,131.25751936050736,85.39406633982372,-0.14395068035387373,0.12416021005498097,0.19009880624359565,False,310.7783970398208
2019-10-22 18:00:00,-386624.49577,-338495.9076,8.231806349783991e-11,131.20266339910012,85.39800591721522,-0.1340453991932977,0.11817160327174392,0.17869722120028889,False,311.3987222077909
2019-10-22 19:00:00,-386626.33752,-337869.22124,5.820766091346741e-11,131.14991288500744,85.40169070509954,-0.12974486255807138,0.10303677552722894,0.16568134014203711,False,308.45481699913387
2019-10-22 20:00:00,-386680.58733,-337304.32142,5.820766091346741e-11,131.09843033468303,85.40465373713583,-0.13237443517654243,0.09314120361915976,0.1618588116227671,False,305.13095749275806
2019-10-22 21:00:00,-386747.49527,-336710.15292,5.820766091346741e-11,131.0434862670205,85.40769972429081,-0.1402584206583042,0.09290071619619283,0.16823485856185508,False,303.5186565153059
2019-10-22 22:00:00,-386839.21295,-336103.46183,8.231806349783991e-11,130.98559308478772,85.41064725929917,-0.14809361466069476,0.09592578302396612,0.17644680374558042,False,302.9326425501464
2019-10-22 23:00:00,-386925.46571,-335452.26348,0.0,130.92426379179093,85.41388835666118,-0.15258636666675995,0.10208475180944643,0.1835862082090024,False,303.78368275276137
2019-10-23 00:00:00,-387003.52093,-334791.89298,1.1641532182693481e-10,130.86267169838723,85.41723351101034,-0.1529875404504864,0.10437259217014862,0.18519942097481132,False,304.302956427265
2019-10-23 01:00:00,-387077.79566,-334127.55721,5.820766091346741e-11,130.80093020811867,85.42062221590068,-0.15396870389563172,0.10922315321473416,0.1887751545555453,False,305.3513337002044
2019-10-23 02:00:00,-387132.60244,-333438.85519,0.0,130.7384518167642,85.42428025668553,-0.15024111100036935,0.10955202719944115,0.18594095325702834,False,306.0985869983931
2019-10-23 03:00:00,-387186.09242,-332793.16973,5.820766091346741e-11,130.6796310764466,85.4276905437433,-0.13704829757562031,0.1018625765770389,0.1707577827663761,False,306.6219618082396
2019-10-23 04:00:00,-387219.59937,-332212.48099,1.6463612699567982e-10,130.6277239949066,85.43085269571746,-0.12617029054336892,0.09037023610978773,0.1551957531324131,False,305.6123615632025
2019-10-23 05:00:00,-387283.77953,-331680.03854,0.0,130.57762092430042,85.43352111480569,-0.12036052564196173,0.07507146748449313,0.14185337980846505,False,301.95268368826464
2019-10-23 06:00:00,-387372.76596,-331202.68683,1.1641532182693481e-10,130.53035467787174,85.43569629071239,-0.11761125855558575,0.06488925250721769,0.13432432106649303,False,298.8866871878428
2019-10-23 07:00:00,-387478.97103,-330732.80541,8.231806349783991e-11,130.48242519103175,85.43770754164262,-0.11967067647423067,0.056653435907550495,0.13240348412308084,False,295.3333977910984
2019-10-23 08:00:00,-387621.89371,-330282.5097,8.231806349783991e-11,130.43345140629467,85.4393513369726,-0.12153837707183768,0.04688107685493984,0.13026669746460517,False,291.09315554203283
2019-10-23 09:00:00,-387789.58965,-329847.81365,1.1641532182693481e-10,130.38397322992043,85.44073213737934,-0.11692448740709804,0.043370402373498027,0.12470897143931448,False,290.3511569327552
2019-10-23 10:00:00,-387929.47838,-329438.93141,0.0,130.33870659142812,85.44214974431434,-0.11136227163119863,0.046321692008225696,0.12061200061919952,False,292.5851118129825
2019-10-23 11:00:00,-388054.38765,-329020.76365,5.820766091346741e-11,130.29370517502554,85.44372069083384,-0.1035844184375349,0.04908205820201084,0.1146245182340493,False,295.35329296848613
2019-10-23 12:00:00,-388142.25166,-328641.53446,5.820766091346741e-11,130.25471736745303,85.44531672048458,-0.09611346472161329,0.05243898948095745,0.1094881076582145,False,298.6166447993694
2019-10-23 13:00:00,-388213.41336,-328248.6559,5.820766091346741e-11,130.21574296897674,85.44710389378571,-0.09383150362317635,0.058626375879840736,0.11064087409719127,False,301.99734086689546
2019-10-23 14:00:00,-388256.12514,-327853.1011,5.820766091346741e-11,130.17857691281517,85.44909920678548,-0.08826471384440977,0.06192611201703074,0.10782162612194912,False,305.053320749236
2019-10-23 15:00:00,-388282.76424,-327475.44407,0.0,130.14409042224787,85.45109930345264,-0.08366179138653283,0.06206634799679287,0.10417066233668064,False,306.5706882452723
2019-10-23 16:00:00,-388302.87234,-327104.53056,0.0,130.11063047647258,85.45310357614977,-0.08085410528799472,0.05914058488490945,0.10017482279720447,False,306.1835344794964
2019-10-23 17:00:00,-388332.16116,-326755.87886,5.820766091346741e-11,130.07839683712018,85.45491491670205,-0.07880783858095895,0.05303526976658547,0.09499165890233192,False,303.9393499365143
2019-10-23 18:00:00,-388376.01403,-326424.51281,1.7462298274040222e-10,130.04657368046827,85.45652525445057,-0.07753254838705845,0.04677276761972097,0.09054826254655568,False,301.1011617912203
2019-10-23 19:00:00,-388433.53468,-326111.86105,0.0,130.01535436541946,85.45793256540388,-0.07761466042353178,0.04338778767154884,0.08891870237296289,False,299.2058610881023
2019-10-23 20:00:00,-388496.08249,-325795.658,5.820766091346741e-11,129.98344318367745,85.45932445741867,-0.08130049536629015,0.04632328278876394,0.0935714543818357,False,299.6735649354395
2019-10-23 21:00:00,-388554.1106,-325449.02424,0.0,129.94920346564243,85.46092107859509,-0.08855239772162093,0.049397751781222306,0.1013985454692886,False,299.15436925809433
2019-10-23 22:00:00,-388632.81922,-325078.50768,8.231806349783991e-11,129.9113676238823,85.46251125045264,-0.09600949924039491,0.05542649953691174,0.11085991518717064,False,299.997936307196
2019-10-23 23:00:00,-388691.52725,-324662.75065,8.231806349783991e-11,129.87102788893648,85.46449686728546,-0.09953798089187961,0.06450415745453039,0.1186111123333351,False,302.9446748954238
2019-10-24 00:00:00,-388735.80602,-324230.74018,5.820766091346741e-11,129.83028619319586,85.46667280787428,-0.10220980065921581,0.07968605458578969,0.12960212438940222,False,307.9411274454622
2019-10-24 01:00:00,-388722.28905,-323730.12254,0.0,129.78772377096402,85.46963782005169,-0.1020345736959838,0.09836336753481573,0.14172651940307568,False,313.95048276863895
2019-10-24 02:00:00,-388661.73299,-323213.00127,0.0,129.74707628414214,85.47301896187228,-0.09292435490718494,0.1111538595045114,0.14487966115940887,False,320.1044590943965
2019-10-24 03:00:00,-388534.74667,-322703.98635,0.0,129.71188989939802,85.47680933606372,-0.08400616032710628,0.11490483727984281,0.14233817689998224,False,323.82971125641416
2019-10-24 04:00:00,-388411.75868,-322219.12031,0.0,129.67846487265496,85.4804322645451,-0.08173251496745826,0.10585410264741511,0.13373591533389706,False,322.3274006927105
2019-10-24 05:00:00,-388323.89433,-321764.45722,5.820766091346741e-11,129.6450824589086,85.48363862975255,-0.08359535602171084,0.09952537013553088,0.12997493161764315,False,319.9717507386766
2019-10-24 06:00:00,-388244.00354,-321298.45948,5.820766091346741e-11,129.61008188483478,85.48685316698955,-0.09142676225804942,0.09045655040507666,0.12861275352069898,False,314.6943726372946
2019-10-24 07:00:00,-388241.83005,-320842.08888,0.0,129.5702430713086,85.48947426923486,-0.0990213923222837,0.08085765661787665,0.12784051302767083,False,309.2339604453054
2019-10-24 08:00:00,-388249.40586,-320378.02364,5.820766091346741e-11,129.52897613288158,85.4920696889018,-0.10758560479970344,0.07783462082763877,0.13278889471450642,False,305.88449229983235
2019-10-24 09:00:00,-388302.60362,-319887.94234,8.231806349783991e-11,129.48207106177017,85.49449549100984,-0.11961708510238836,0.06844800207245205,0.13781645778390336,False,299.7793106946201
2019-10-24 10:00:00,-388416.64137,-319399.93934,5.820766091346741e-11,129.43089524129786,85.4964853758552,-0.13084971079588995,0.07102538463607305,0.14888335057376348,False,298.4931644024463
2019-10-24 11:00:00,-388505.99953,-318835.45547,0.0,129.37471989987418,85.4990773751185,-0.14114867456772112,0.07435638664940375,0.15953626724911193,False,297.7800278539286
2019-10-24 12:00:00,-388647.50752,-318274.71794,5.820766091346741e-11,129.31504159311837,85.50128224844941,-0.14737946065432297,0.0770475602361766,0.16630403471084637,False,297.59982907222536
2019-10-24 13:00:00,-388749.12612,-317663.00931,8.231806349783991e-11,129.25368109518342,85.50404800463141,-0.14943386799637945,0.08951395559388728,0.17419308008765383,False,300.922474586249
2019-10-24 14:00:00,-388829.23357,-317033.76321,1.3015628661377063e-10,129.19224532427162,85.5070572826288,-0.14825930653767327,0.08995250649094805,0.17341359634998585,False,301.24620109559555
2019-10-24 15:00:00,-388921.73015,-316426.4194,1.1641532182693481e-10,129.1317753483161,85.5098514130861,-0.14354757689117295,0.09272943505082364,0.1708936948988234,False,302.86181243514784
2019-10-24 16:00:00,-388963.61329,-315810.68864,5.820766091346741e-11,129.07413364356498,85.51303998681745,-0.1338205908256766,0.09618529102485318,0.16480157990283,False,305.70718300560753
2019-10-24 17:00:00,-388991.41815,-315241.8962,5.820766091346741e-11,129.02159759237887,85.51605722216603,-0.12695292457423155,0.08754700052171048,0.15421258819661543,False,304.5902270555035
2019-10-24 18:00:00,-389049.4029,-314703.67723,5.820766091346741e-11,128.96953936985145,85.51868813702337,-0.12295204579263794,0.06923755292182052,0.14110649984744442,False,299.38501346215907
2019-10-24 19:00:00,-389160.57911,-314240.11124,0.0,128.9202458393665,85.52052428701214,-0.1204785688850629,0.050276186593120865,0.13054800074661868,False,292.6509717083105
2019-10-24 20:00:00,-389312.7305,-313801.37112,5.820766091346741e-11,128.87018018406414,85.52193165961621,-0.12498821633228807,0.043477332567587325,0.13233417045162385,False,289.1803044896096
2019-10-24 21:00:00,-389481.60699,-313343.01569,8.231806349783991e-11,128.8171296881916,85.52332902136214,-0.13110287920239946,0.04341231960340337,0.1381035641412161,False,288.3213442018689
2019-10-24 22:00:00,-389660.88918,-312869.96958,5.820766091346741e-11,128.76198578281227,85.5247322538346,-0.13439524717132426,0.043292091462641964,0.14119591936543738,False,287.85505614236865
2019-10-24 23:00:00,-389844.38549,-312393.33737,5.820766091346741e-11,128.70618416423923,85.52612196243521,-0.1334414745065331,0.04914334935851559,0.1422030094781782,False,290.2175629483728
2019-10-25 00:00:00,-389985.57242,-311898.95284,5.820766091346741e-11,128.65178913564728,85.52790284258103,-0.12666036193540714,0.05852819133512238,0.13952919574973915,False,294.801076432685
2019-10-25 01:00:00,-390084.88206,-311417.93844,8.231806349783991e-11,128.6015491106002,85.52989820233178,-0.12246350109780017,0.06246982183045849,0.13747649886675226,False,297.0265700960973
2019-10-25 02:00:00,-390184.18209,-310929.25227,5.820766091346741e-11,128.55057595892802,85.53193302681542,-0.11187619524451194,0.06206757236573139,0.12794008989274416,False,299.0209882413541
2019-10-25 03:00:00,-390237.38789,-310509.4817,1.3015628661377063e-10,128.50904961811065,85.53390307785192,-0.09165980032004241,0.05872259355664493,0.10885707137677811,False,302.64598477794937
2019-10-25 04:00:00,-390264.2453,-310149.58136,8.231806349783991e-11,128.47475835216886,85.53572187676758,-0.07497187296564393,0.04750861592892267,0.0887572550468892,False,302.3618571837061
2019-10-25 05:00:00,-390305.43926,-309874.06312,0.0,128.44701306018902,85.53696836114489,-0.06031556806260435,0.03165060295721812,0.06811555195599697,False,297.6882491083088
2019-10-25 06:00:00,-390355.79635,-309667.77027,5.820766091346741e-11,128.4248342218528,85.53776399578491,-0.05225451098132771,0.021994328876006487,0.05669465954217937,False,292.8266029736599
2019-10-25 07:00:00,-390415.20061,-309480.89528,8.231806349783991e-11,128.40375120645734,85.53838735097654,-0.05524864569215783,0.012836134008370827,0.05672018324281441,False,283.0797043653006
2019-10-25 08:00:00,-390530.47797,-309298.62951,8.231806349783991e-11,128.3790878635029,85.53859200364623,-0.06416563211589542,0.009270208626055834,0.06483182176063719,False,278.22081826459896
2019-10-25 09:00:00,-390649.71095,-309077.2903,5.820766091346741e-11,128.35061558577925,85.538985277934,-0.07318652404994597,0.012323336143050822,0.07421678998857295,False,279.5579532564825
2019-10-25 10:00:00,-390787.84832,-308830.33253,0.0,128.31847788163375,85.53938688865833,-0.07743436934266255,0.0124295010839904,0.07842559564767614,False,279.1191343345972
2019-10-25 11:00:00,-390925.18223,-308584.37922,8.231806349783991e-11,128.2864823748768,85.53978716926845,-0.0780128647571733,0.012362598544793005,0.07898633369387852,False,279.0047104391781
2019-10-25 12:00:00,-391066.00311,-308334.29682,0.0,128.25385969321002,85.5401844299372,-0.07523605212392231,0.015321769992061762,0.0767803371631253,False,281.51083871110984
2019-10-25 13:00:00,-391173.94481,-308090.6937,5.820766091346741e-11,128.2241576784146,85.54077577155059,-0.0690306102837559,0.021524292752821743,0.07230850803783025,False,287.3178934482328
2019-10-25 14:00:00,-391251.78167,-307847.95042,0.0,128.19666790669916,85.54157314770792,-0.06213095265046039,0.024544569759295417,0.06680337702483813,False,291.5562881556814
2019-10-25 15:00:00,-391311.68125,-307629.85253,8.231806349783991e-11,128.1726746138022,85.54235937726669,-0.052452822216475514,0.02483180034762203,0.05803375627147832,False,295.3334406224358
2019-10-25 16:00:00,-391344.63316,-307440.55453,5.820766091346741e-11,128.15319677894317,85.54317529451268,-0.04474227020190226,0.02207823041487431,0.04989307568262666,False,296.264197264083
2019-10-25 17:00:00,-391385.68852,-307278.32839,8.231806349783991e-11,128.135587539182,85.54378379196483,-0.043179006409277576,0.015710989596644374,0.04594846883845317,False,289.9942777483295
2019-10-25 18:00:00,-391447.64062,-307126.17057,5.820766091346741e-11,128.11740024662467,85.54418886803003,-0.043137394732950314,0.009552306881798357,0.04418236515976054,False,282.48604382346446
2019-10-25 19:00:00,-391523.29761,-306991.51898,5.820766091346741e-11,128.09982232424045,85.54440006953988,-0.04460705150996337,0.00032088974007857263,0.04460820568727029,False,270.41216153130847
2019-10-25 20:00:00,-391643.99558,-306872.00383,8.231806349783991e-11,128.08041560155044,85.54420952415862,-0.045716421552063305,-0.006173359819391745,0.046131351280724896,False,262.30953005706033
2019-10-25 21:00:00,-391761.29871,-306759.8376,5.820766091346741e-11,128.06191782596116,85.54400182141995,-0.052519870675069705,-0.0031851380648311653,0.0526163655169956,False,266.5294712107784
2019-10-25 22:00:00,-391895.18176,-306588.41327,5.820766091346741e-11,128.03687133087698,85.54400384277218,-0.06064797248473952,-0.0030947540913695455,0.060726880945720985,False,267.07883581671945
2019-10-25 23:00:00,-392047.90796,-306429.64325,0.0,128.01163667697094,85.54380215830574,-0.061067563682706896,-0.00023258499590431483,0.06106800659856011,False,269.7817814662187
2019-10-26 00:00:00,-392167.26954,-306243.02186,0.0,127.986241237864,85.54398883212676,-0.06013143887274108,0.00900566284920713,0.06080207154579346,False,278.51766953708784
2019-10-26 01:00:00,-392263.26961,-306048.50517,5.820766091346741e-11,127.96178169287099,85.54438318629803,-0.055936325938614063,0.015348101011651055,0.05800376508619689,False,285.34349827079586
2019-10-26 02:00:00,-392327.88471,-305857.51548,0.0,127.93986057721321,85.54497908778042,-0.04759828669041168,0.018556530512208062,0.051087588713043905,False,291.29867714853583
2019-10-26 03:00:00,-392368.60789,-305696.08039,5.820766091346741e-11,127.92231061405789,85.54558046926311,-0.03768059334970435,0.018598361013891063,0.0420205443514099,False,296.2699929294446
2019-10-26 04:00:00,-392388.99101,-305561.2027,5.820766091346741e-11,127.90860965359603,85.54617903364773,-0.030540935469226444,0.01864526097576574,0.035782600467124615,False,301.4040924377525
2019-10-26 05:00:00,-392397.79315,-305440.10408,5.820766091346741e-11,127.89697749746578,85.54678339449701,-0.02797696429701732,0.015619637582418005,0.03204190396157299,False,299.17477672528366
2019-10-26 06:00:00,-392423.9755,-305333.16901,8.231806349783991e-11,127.8854004430256,85.54718672741282,-0.02953110779779851,0.012498203826058813,0.032066983435348376,False,292.93913282814003
2019-10-26 07:00:00,-392457.34071,-305217.03298,1.1641532182693481e-10,127.87247609801219,85.54758968715147,-0.03494573552046194,0.00941180544930804,0.036190972809275246,False,285.0735913087012
2019-10-26 08:00:00,-392524.9477,-305092.95255,5.820766091346741e-11,127.85640458256995,85.5477938631167,-0.04355762435837511,0.006281727193188185,0.04400825759189919,False,278.20641429305647
2019-10-26 09:00:00,-392614.09118,-304941.66195,0.0,127.83633224756399,85.54799485129121,-0.05250412750827784,0.006091169120090577,0.05285627443033649,False,276.61748122478525
2019-10-26 10:00:00,-392722.19783,-304767.49558,0.0,127.8128351096147,85.54818673036058,-0.060024184882954676,0.012164536711415694,0.06124441790291181,False,281.45643466500815
2019-10-26 11:00:00,-392809.85681,-304546.53998,0.0,127.78651789461072,85.54877954439786,-0.06521439460461277,0.018421134799679183,0.06776618235487446,False,285.77341425051907
2019-10-26 12:00:00,-392905.07803,-304315.14908,0.0,127.75870866322005,85.54937510482627,-0.06512970275540408,0.02451782781751881,0.06959168098197362,False,290.62865505882996
2019-10-26 13:00:00,-392957.43987,-304067.70758,0.0,127.73245263055296,85.55036135489,-0.061138136232482695,0.033868123311895815,0.06989221329054757,False,298.9847288364948
2019-10-26 14:00:00,-392981.6104,-303817.77887,0.0,127.70794680880158,85.55156014679059,-0.05363991096741538,0.03686727146998811,0.06508790789566099,False,304.50114771423716
2019-10-26 15:00:00,-392983.65519,-303599.80846,0.0,127.6879063923029,85.55273995871313,-0.04457012029839384,0.03719888327387225,0.05805387618614688,False,309.84887611744625
2019-10-26 16:00:00,-392965.84929,-303400.08822,5.820766091346741e-11,127.67092251503203,85.55396008507024,-0.03805026496557857,0.03718911705288243,0.05320576182260457,False,314.3442531651493
2019-10-26 17:00:00,-392939.13789,-303219.32241,0.0,127.6562896765362,85.55513923952924,-0.03400323253384588,0.03723193511200207,0.05042258239058297,False,317.59512985501544
2019-10-26 18:00:00,-392903.18928,-303042.49397,5.820766091346741e-11,127.64266050243958,85.55636209602211,-0.03388594706291336,0.034567293545949,0.04840614828141539,False,315.57027232607265
2019-10-26 19:00:00,-392891.06877,-302874.12895,0.0,127.62811772239827,85.5573693054955,-0.03769128027191261,0.030714279423582357,0.048620978692800534,False,309.17627608465284
2019-10-26 20:00:00,-392893.73135,-302692.55071,5.820766091346741e-11,127.61131689385525,85.55834355636132,-0.044415341636017236,0.03426638073702617,0.05609730315673797,False,307.65014150507307
2019-10-26 21:00:00,-392890.79508,-302470.22846,0.0,127.59117290449689,85.55957989037823,-0.05381740736786336,0.03710688601173971,0.06536998030661167,False,304.58610706240705
2019-10-26 22:00:00,-392918.40555,-302222.53406,0.0,127.56654046763458,85.5607373409252,-0.06300937796239346,0.03983769331142145,0.07454678745313327,False,302.30313009990783
2019-10-26 23:00:00,-392940.03247,-301935.75475,0.0,127.53873356483649,85.56214987296711,-0.06657358804286788,0.0465523582215343,0.08123524284993265,False,304.9636188689767
2019-10-27 00:00:00,-392944.6843,-301638.23095,0.0,127.51111871522326,85.56374063279861,-0.06630819476300984,0.05547696116427925,0.08645501670089592,False,309.91764450776327
2019-10-27 01:00:00,-392913.89504,-301313.82762,0.0,127.48351153981682,85.56572891865609,-0.0649093821591929,0.06484930802889693,0.0917532595830519,False,314.97347388546405
2019-10-27 02:00:00,-392858.57038,-300983.24411,5.820766091346741e-11,127.45703909882101,85.56792436514102,-0.05980778586470277,0.07050037208977375,0.09245146680737244,False,319.69096170850014
2019-10-27 03:00:00,-392772.84139,-300663.29358,5.820766091346741e-11,127.43365904896253,85.57027728295053,-0.05102260290604796,0.0749458783078979,0.09066526723420879,False,325.75325395729146
2019-10-27 04:00:00,-392653.38732,-300363.53886,8.231806349783991e-11,127.41448795383921,85.57275953929894,-0.04257193837853278,0.07507735894292708,0.08630747223242438,False,330.44498707599115
2019-10-27 05:00:00,-392529.73122,-300091.40849,8.231806349783991e-11,127.39813620845474,85.57512088184912,-0.039209612279407016,0.07381265858185682,0.08358051365015165,False,332.02256129106956
2019-10-27 06:00:00,-392402.64476,-299816.48587,8.231806349783991e-11,127.38175122227723,85.57752147490098,-0.04012648752709069,0.07148389694854151,0.08197610947228143,False,330.6929323694139
2019-10-27 07:00:00,-392296.16341,-299549.3613,5.820766091346741e-11,127.36461628116702,85.57973256011081,-0.04480281306185609,0.06471241207874466,0.07870824820376121,False,325.3037018716635
2019-10-27 08:00:00,-392228.09812,-299277.33685,5.820766091346741e-11,127.34430536728543,85.58169623275073,-0.052364033388733584,0.06498481257071453,0.08345668252205633,False,321.1385223315916
2019-10-27 09:00:00,-392152.89039,-298965.80379,5.820766091346741e-11,127.3208290887796,85.58392487501702,-0.058843833026432715,0.06866398119154364,0.09042864036529219,False,319.4040009337167
2019-10-27 10:00:00,-392091.80535,-298640.67561,8.231806349783991e-11,127.29507707494325,85.58612591895361,-0.0622619484664221,0.07051613823373347,0.0940695273626609,False,318.5572317733985
2019-10-27 11:00:00,-392020.61468,-298301.54538,1.3015628661377063e-10,127.26871512957916,85.58847410084421,-0.06259444225007575,0.07726380299991173,0.09943721363054799,False,320.9877089004526
2019-10-27 12:00:00,-391922.01099,-297945.15327,5.820766091346741e-11,127.24265659117498,85.59111048836374,-0.06120010638459282,0.08339341510221795,0.1034403920327853,False,323.7260910582464
2019-10-27 13:00:00,-391809.29481,-297587.38329,0.0,127.21743311075122,85.5938541260961,-0.05877206798229836,0.0897295660690548,0.107263931504755,False,326.77555768209083
2019-10-27 14:00:00,-391663.47345,-297217.41286,5.820766091346741e-11,127.19337766512842,85.59689928440598,-0.05501527535124541,0.09363529986963987,0.1086013347231549,False,329.56370058229993
2019-10-27 15:00:00,-391511.69909,-296864.29913,8.231806349783991e-11,127.17127473548862,85.59989490969116,-0.04867981104881664,0.09815743528635121,0.10956553338410176,False,333.62152906487
2019-10-27 16:00:00,-391312.09365,-296511.119,8.231806349783991e-11,127.15250641665858,85.60323182940331,-0.04389970955375288,0.10227890657428512,0.11130210792673786,False,336.7702321529971
2019-10-27 17:00:00,-391115.65079,-296167.62997,0.0,127.13438894042346,85.60649326127822,-0.04266461013549839,0.10015862533296399,0.1088669793215699,False,336.92743068299
2019-10-27 18:00:00,-390922.62707,-295830.88047,0.0,127.11663152291553,85.60969337984982,-0.04612427752248835,0.09920540673372405,0.10940366402536593,False,335.06453398475435
2019-10-27 19:00:00,-390746.4776,-295471.79055,0.0,127.09557374145118,85.61289321487902,-0.05499240990867007,0.09921280958515145,0.11343432784365902,False,331.0009491296902
2019-10-27 20:00:00,-390591.66688,-295084.21548,0.0,127.07031954661527,85.6160937595653,-0.06559565133679257,0.09918497916628514,0.11891362229162172,False,326.52147731331104
2019-10-27 21:00:00,-390461.36758,-294664.47823,5.820766091346741e-11,127.04029210427977,85.61929174565134,-0.07845375199256273,0.10209490294988943,0.12875698198566896,False,322.45990305237416
2019-10-27 22:00:00,-390345.17711,-294190.53489,5.820766091346741e-11,127.00415144459953,85.62267991661776,-0.09474819079941169,0.1112737622976074,0.14614742500511652,False,319.58602881500326
2019-10-27 23:00:00,-390232.14868,-293637.48608,8.231806349783991e-11,126.96031671888333,85.6264699076324,-0.10520794279378687,0.12061643710932349,0.16005322904536515,False,318.903367056213
2019-10-28 00:00:00,-390106.70367,-293063.09639,0.0,126.91527820930648,85.63046112913891,-0.10476783197170819,0.12882736268395767,0.16605055854213815,False,320.8805396517927
2019-10-28 01:00:00,-389943.61896,-292477.26027,5.820766091346741e-11,126.87173566208529,85.63478097596413,-0.10014148258407782,0.1350803331072588,0.16815175564502785,False,323.4486992087082
2019-10-28 02:00:00,-389761.28938,-291902.72333,5.820766091346741e-11,126.83052840862021,85.6391756225258,-0.09075790385409364,0.1393030007859864,0.16625980614679375,False,326.9151793552491
2019-10-28 03:00:00,-389532.53521,-291352.98798,0.0,126.79485232644919,85.6437680200692,-0.07865739988663503,0.1425542269636261,0.1628149077391964,False,331.11132549508704
2019-10-28 04:00:00,-389278.57738,-290834.45378,0.0,126.76382689630897,85.64837231878727,-0.06802876036255642,0.1415198350961633,0.15702157801433336,False,334.3263485650677
2019-10-28 05:00:00,-389009.40887,-290350.74337,0.0,126.73710376354627,85.6528979289351,-0.06157736294099341,0.13968458053125582,0.15265501519753527,False,336.21060374465895
2019-10-28 06:00:00,-388737.78922,-289877.58159,5.820766091346741e-11,126.7114972713814,85.65738369057156,-0.06129483193836479,0.1347110199416236,0.14800038958078757,False,335.5340005103705
2019-10-28 07:00:00,-388495.68409,-289417.15021,8.231806349783991e-11,126.68495982440498,85.66158836191806,-0.06405819602639679,0.13221160982154906,0.14691277088722343,False,334.1492252711951
2019-10-28 08:00:00,-388249.94976,-288939.02197,5.820766091346741e-11,126.65694673833737,85.66591284740137,-0.06849175811689885,0.1332218197410504,0.1497971100691222,False,332.79148064088116
2019-10-28 09:00:00,-388020.60876,-288448.87844,0.0,126.62657599078312,85.67018263866468,-0.07347110140432912,0.13443125512897064,0.15319845004801977,False,331.3419448146608
2019-10-28 10:00:00,-387788.76154,-287937.03492,0.0,126.59425587957364,85.67458514385206,-0.07673821678044718,0.1333517733285948,0.15385528708667712,False,330.0814222191015
2019-10-28 11:00:00,-387579.11882,-287432.89883,0.0,126.56103446150316,85.67878532483643,-0.0761340568737118,0.13330673292489215,0.15351573098271756,False,330.26847571895473
2019-10-28 12:00:00,-387344.35189,-286924.99862,0.0,126.52916639933487,85.68318500785242,-0.07331209647042759,0.13061816134976822,0.14978573885147867,False,330.6957959005334
2019-10-28 13:00:00,-387137.60732,-286448.9589,5.820766091346741e-11,126.4982975535589,85.68721171609286,-0.0700965078761989,0.12022288727462263,0.13916559575227144,False,329.7554797528621
2019-10-28 14:00:00,-386948.70619,-286004.4265,1.1641532182693481e-10,126.46912532769407,85.69094080067147,-0.06673436086352962,0.12069577928351911,0.13791644592549418,False,331.06118899647123
2019-10-28 15:00:00,-386724.36622,-285546.03164,5.820766091346741e-11,126.4410822990143,85.69499797995948,-0.060303255254631975,0.12214205878216118,0.13621734514315795,False,333.72379759924985
2019-10-28 16:00:00,-386499.14175,-285132.76626,8.231806349783991e-11,126.41738156305917,85.69882045992577,-0.0569962669780654,0.11221754731407438,0.12586243432661484,False,333.07358932743955
2019-10-28 17:00:00,-386317.80796,-284736.139,1.3015628661377063e-10,126.3921285964684,85.70223719173083,-0.062355334456281594,0.10260127449664116,0.12006335520669847,False,328.71109847900476
2019-10-28 18:00:00,-386170.85375,-284333.07167,8.231806349783991e-11,126.36378029629428,85.70543924975479,-0.07333045716133373,0.09934536407625691,0.12347816532057089,False,323.5676048567061
2019-10-28 19:00:00,-386054.85416,-283886.87321,0.0,126.32904245906471,85.70864577755297,-0.08465684565371873,0.09556582829708854,0.12766992227672955,False,318.4639202383913
2019-10-28 20:00:00,-385977.62036,-283434.38786,5.820766091346741e-11,126.29090088835824,85.71160410984008,-0.0942263427853233,0.09296104201827059,0.13236449300254172,False,314.6127127385245
2019-10-28 21:00:00,-385916.92019,-282943.88348,0.0,126.24786512615908,85.71464249722457,-0.10404465357874447,0.09667708849601693,0.14202728392244793,False,312.8978811324855
2019-10-28 22:00:00,-385859.19933,-282418.67139,0.0,126.20120172542873,85.7178405948748,-0.11138687062779395,0.09909728118429771,0.14908824932358913,False,311.6584511107175
2019-10-28 23:00:00,-385814.83324,-281875.3135,1.3015628661377063e-10,126.15176698280466,85.72103514232114,-0.11809482530272294,0.1021526651578962,0.15614594058809825,False,310.8599833968232
2019-10-29 00:00:00,-385766.91922,-281298.21426,1.1641532182693481e-10,126.09923770007386,85.72443030511727,-0.12005544529679514,0.10523003755536885,0.15964545326853535,False,311.2349536386837
2019-10-29 01:00:00,-385711.94027,-280730.48074,5.820766091346741e-11,126.04803379820633,85.72782366282266,-0.11167383856249048,0.10844541897598707,0.15566455960223752,False,314.15972115673463
2019-10-29 02:00:00,-385608.77292,-280188.643,5.820766091346741e-11,126.00267140498445,85.73142651979462,-0.09686243250759488,0.1057707530488491,0.14342169651698097,False,317.51726153222455
2019-10-29 03:00:00,-385505.80805,-279718.62746,5.820766091346741e-11,125.96421169142555,85.73464733459913,-0.08536009597301943,0.09651116528803308,0.12884390171745472,False,318.50858289621675
2019-10-29 04:00:00,-385407.28574,-279283.1123,5.820766091346741e-11,125.92874323633885,85.73765261321046,-0.08086955989615593,0.09027020010013376,0.12119651291978717,False,318.14407517457744
2019-10-29 05:00:00,-385321.17466,-278865.76917,1.1641532182693481e-10,125.89412157982605,85.74047071093558,-0.0801812858498433,0.0816093397770055,0.11440770489513814,False,315.5057112417653
2019-10-29 06:00:00,-385269.74812,-278470.94019,5.820766091346741e-11,125.85920445132471,85.74291721982087,-0.08441921265142262,0.07760329026561924,0.11466854025728271,False,312.59111571439615
2019-10-29 07:00:00,-385224.39305,-278045.84786,1.1641532182693481e-10,125.82085932701438,85.74547673302587,-0.09454889606667037,0.07681929603471545,0.12182240348431517,False,309.093244909373
2019-10-29 08:00:00,-385219.67953,-277595.24908,0.0,125.77710370435305,85.74787253745788,-0.10518456884911985,0.08029075110350359,0.132326861357549,False,307.3556538114774
2019-10-29 09:00:00,-385198.14716,-277093.45603,5.820766091346741e-11,125.72946696484279,85.75065604754772,-0.11334999451999411,0.08730522431943975,0.14307488756294862,False,307.60443471664024
2019-10-29 10:00:00,-385185.9749,-276565.66142,5.820766091346741e-11,125.67855623411194,85.75350437062293,-0.12009485469936419,0.09050385716505309,0.15037859650566543,False,307.00179317381367
2019-10-29 11:00:00,-385173.144,-276011.01887,5.820766091346741e-11,125.62498498092577,85.75649424727939,-0.12136323857444137,0.0980281246083835,0.1560081693101792,False,308.9286779598359
2019-10-29 12:00:00,-385121.24332,-275444.26934,5.820766091346741e-11,125.57289683671623,85.75982823326433,-0.11426006410944879,0.10447668486441476,0.15482486857915811,False,312.4390540068864
2019-10-29 13:00:00,-385039.87647,-274904.27458,0.0,125.52543728922417,85.7632342929151,-0.10310225793635631,0.10253683016449887,0.1454093433440858,False,314.8424592153028
2019-10-29 14:00:00,-384951.7457,-274411.13375,5.820766091346741e-11,125.48300152583425,85.76644312552361,-0.0919846843125335,0.09717274747166346,0.13380480185429863,False,316.57107028235
2019-10-29 15:00:00,-384854.59872,-273958.86395,5.820766091346741e-11,125.44517413560153,85.76950309041818,-0.08152716379833719,0.09025666329802037,0.12162624596152395,False,317.9090841754388
2019-10-29 16:00:00,-384762.74615,-273556.06336,8.231806349783991e-11,125.41181316798057,85.77226573035003,-0.07503489765005854,0.08332429939185054,0.1121301687080578,False,317.9964451722403
2019-10-29 17:00:00,-384678.6949,-273170.92282,5.820766091346741e-11,125.37960870526713,85.77487833126676,-0.07400555824687319,0.0753824650747677,0.10563777114356357,False,315.5280792554804
2019-10-29 18:00:00,-384628.73021,-272807.37127,5.820766091346741e-11,125.34710793703569,85.77712858359013,-0.07679902336193609,0.06889742629187785,0.1031743443836303,False,311.89570278376857
2019-10-29 19:00:00,-384593.97533,-272432.91431,8.231806349783991e-11,125.31242189595677,85.77932275378566,-0.08353321993937757,0.07066944541964362,0.1094164948687373,False,310.2313575206141
2019-10-29 20:00:00,-384561.17946,-272022.47396,8.231806349783991e-11,125.2739890833107,85.78168723239675,-0.09034509395138976,0.07067411019149435,0.11470425385505512,False,308.03494813346856
2019-10-29 21:00:00,-384554.19382,-271608.00236,0.0,125.23330027955933,85.78388176165055,-0.09582359485767622,0.07412225565252069,0.12114565660586313,False,307.7229634237558
2019-10-29 22:00:00,-384523.28972,-271151.04857,5.820766091346741e-11,125.19002012268196,85.78646864797666,-0.10082847560337174,0.08033049700478884,0.12891613646683692,False,308.54448882928307
2019-10-29 23:00:00,-384499.8822,-270681.39651,5.820766091346741e-11,125.14489582703072,85.78906369586176,-0.10393387179908149,0.08567982916534113,0.13469700380093816,False,309.5011018235822
2019-10-30 00:00:00,-384449.62531,-270184.03185,5.820766091346741e-11,125.09883378292477,85.79199570680544,-0.10252648060087258,0.09279267810885664,0.1382828996478414,False,312.14700394727936
2019-10-30 01:00:00,-384377.71381,-269693.28332,0.0,125.05488602189213,85.79504976791992,-0.09470538759221563,0.09313676325928764,0.13282908984634498,False,314.52154793566666
2019-10-30 02:00:00,-384292.32769,-269240.68675,5.820766091346741e-11,125.01563405252278,85.79800409732916,-0.08379487649063423,0.09018081158723398,0.12310223436076553,False,317.1021496926263
2019-10-30 03:00:00,-384192.12528,-268826.59505,5.820766091346741e-11,124.9812198680535,85.80086744513773,-0.07469292077377304,0.08188352326247739,0.11083295446569044,False,317.6293987750948
2019-10-30 04:00:00,-384117.59518,-268462.05449,5.820766091346741e-11,124.94992664067193,85.80328642496558,-0.0700937215931835,0.07173991509468278,0.10029828126431187,False,315.6649741706493
2019-10-30 05:00:00,-384057.86022,-268117.03879,0.0,124.91951977759531,85.80549532179852,-0.06982654520182273,0.06533070636019755,0.09562346787449486,False,313.09482921409796
2019-10-30 06:00:00,-384019.6904,-267780.56222,0.0,124.88842850134621,85.80750078742363,-0.07453616529507705,0.0621053819414876,0.09701916513242681,False,309.8019011970588
2019-10-30 07:00:00,-383998.0296,-267421.0678,0.0,124.85383950279731,85.80950150055234,-0.08352045747990207,0.06143927377221851,0.103684382523646,False,306.3389232614694
2019-10-30 08:00:00,-384000.34287,-267034.28542,0.0,124.8147963275232,85.81146393132623,-0.09449845930312509,0.06423732532222422,0.11426457357911794,False,304.2067345722475
2019-10-30 09:00:00,-384006.76054,-266598.4092,1.1641532182693481e-10,124.77048725999232,85.81364506901288,-0.10339045766461863,0.07145127194529763,0.12567764717204158,False,304.64764822511364
2019-10-30 10:00:00,-384002.28288,-266129.40844,8.231806349783991e-11,124.72355451597775,85.81607298429415,-0.10520669267445311,0.07788812763755464,0.13090075863180026,False,306.5138172811995
2019-10-30 11:00:00,-383977.31645,-265656.38378,1.8406878575731415e-10,124.67759169117743,85.81866955917539,-0.09911043542175563,0.08054121975345253,0.12770969614271238,False,309.0987304927829
2019-10-30 12:00:00,-383931.40074,-265212.63474,8.231806349783991e-11,124.63599140890781,85.82126880225383,-0.09066992503628667,0.08069536065062588,0.12137864942657924,False,311.66877491764717
2019-10-30 13:00:00,-383870.31533,-264789.0327,0.0,124.59743526283019,85.82387522757037,-0.082781297685455,0.07714902350705008,0.11315792095376834,False,312.98304520727754
2019-10-30 14:00:00,-383812.58392,-264406.60807,5.820766091346741e-11,124.56276595551795,85.82624572409533,-0.07407995808427964,0.07164385211711685,0.1030566918542796,False,314.04225953334617
2019-10-30 15:00:00,-383748.11059,-264057.15693,0.0,124.53186861248811,85.82849699312025,-0.0673641725812533,0.0627954371720989,0.09209342363704315,False,312.98968489908543
2019-10-30 16:00:00,-383715.05839,-263750.74672,5.820766091346741e-11,124.50311266415618,85.83029661616537,-0.06544273205638668,0.05013513655078587,0.08243957239075156,False,307.45542731997847
2019-10-30 17:00:00,-383717.53914,-263464.37982,5.820766091346741e-11,124.47389003260446,85.83173109348401,-0.06778572786623374,0.043912216029720584,0.08076625297112616,False,302.93553640253754
2019-10-30 18:00:00,-383730.66986,-263169.43929,0.0,124.44303492972546,85.83312924172222,-0.07385303007734861,0.04342094669360453,0.08567174950574201,False,300.4528560746395
2019-10-30 19:00:00,-383760.46201,-262849.03844,5.820766091346741e-11,124.40841198069396,85.83453193260856,-0.0814646697712223,0.04331134999630869,0.09226248132061618,False,297.99770623911695
2019-10-30 20:00:00,-383804.84089,-262509.30318,0.0,124.37078462109439,85.8359230286193,-0.08951841600576768,0.04909752144452942,0.10209854757134261,False,298.7431300087236
2019-10-30 21:00:00,-383832.54924,-262117.47199,0.0,124.32898810707889,85.8376988994221,-0.09747818252539116,0.061411205440601954,0.11520994845117019,False,302.2109068741035
2019-10-30 22:00:00,-383835.49887,-261680.35829,8.731149137020111e-11,124.28426175350101,85.83988437213094,-0.10107041088995146,0.07094111492226285,0.1234822648961272,False,305.0649383149093
2019-10-30 23:00:00,-383820.43567,-261228.48221,2.9103830456733704e-11,124.23923310526776,85.84227513722843,-0.09988879382507077,0.0772330773914746,0.12626448184341074,False,307.71085882119405
2019-10-31 00:00:00,-383780.44876,-260772.92231,8.731149137020111e-11,124.19550608893273,85.84486657685524,-0.09422853723540457,0.08122436786276876,0.12440424094149849,False,310.7611181023435
2019-10-31 01:00:00,-383718.0193,-260338.64613,0.0,124.15545766988926,85.84751492834074,-0.0848319319971742,0.07789057527074271,0.11516682856786681,False,312.5573786328366
2019-10-31 02:00:00,-383659.28904,-259952.6206,6.507814330688532e-11,124.1200404814646,85.84989133423484,-0.07437892510306757,0.06806468743259228,0.10082175447186098,False,312.4618553953604
2019-10-31 03:00:00,-383612.70453,-259620.40957,0.0,124.08925379013226,85.8519058100072,-0.06612348508944518,0.05925617910612844,0.08878969558812358,False,311.8649230840378
2019-10-31 04:00:00,-383572.79697,-259319.21278,0.0,124.06115406899356,85.85371390368189,-0.06142116533524185,0.053035915780832936,0.08115027981375492,False,310.8099348117328
2019-10-31 05:00:00,-383544.04189,-259040.17607,6.507814330688532e-11,124.03453058130697,85.85532707451004,-0.060513410888981635,0.0466987385404978,0.07643719695732239,False,307.6576890947971
2019-10-31 06:00:00,-383538.01834,-258769.96496,6.507814330688532e-11,124.00721792385295,85.85672629665146,-0.06350822422081658,0.04638511296912048,0.07864396511392073,False,306.14363095173877
2019-10-31 07:00:00,-383522.93327,-258474.33311,6.507814330688532e-11,123.97790278126679,85.85831918657752,-0.06768120835595705,0.049463365719990396,0.08382941317265671,False,306.16040445709274
2019-10-31 08:00:00,-383515.03274,-258166.83102,1.3015628661377063e-10,123.94684751264568,85.85991698255629,-0.07384257434157623,0.0524796747075662,0.0905916223654438,False,305.401282969582
2019-10-31 09:00:00,-383506.37764,-257822.28357,2.9103830456733704e-11,123.91200885091742,85.86170435384423,-0.07979016594534385,0.05860094551686579,0.09899768379642113,False,306.29498191840963
2019-10-31 10:00:00,-383485.39611,-257454.66409,0.0,123.87561629448389,85.86369710202612,-0.08089207972773899,0.06471145631833913,0.10359102828681253,False,308.65885486063786
2019-10-31 11:00:00,-383444.1835,-257079.02576,0.0,123.83976027771494,85.86587873734871,-0.07851299957215901,0.07400337763783232,0.10789249743900389,False,313.30636519629
2019-10-31 12:00:00,-383357.62943,-256688.41721,2.9103830456733704e-11,123.80545435433697,85.8684709222613,-0.07367800671779966,0.07762388989002975,0.10702297396151722,False,316.49390868273986
2019-10-31 13:00:00,-383274.9291,-256327.27846,0.0,123.7738832614204,85.87088614763398,-0.0663552075636872,0.07164982782637395,0.09765608735951406,False,317.19709872827684
2019-10-31 14:00:00,-383194.40483,-256004.50139,5.820766091346741e-11,123.74609096409353,85.87309298656206,-0.05824392718913013,0.06548344046265879,0.08763809690562245,False,318.3486622015772
2019-10-31 15:00:00,-383115.84737,-255716.66663,5.820766091346741e-11,123.72174840864065,85.87511040476765,-0.052069482293139575,0.055934938024622655,0.0764195542913851,False,317.0497291540818
2019-10-31 16:00:00,-383067.5652,-255469.10002,8.231806349783991e-11,123.69946080864075,85.87670124263005,-0.04957853146317284,0.046889002166542605,0.0682393530612568,False,313.4029987781487
2019-10-31 17:00:00,-383033.0347,-255232.37262,6.507814330688532e-11,123.6773296215316,85.87813507686077,-0.05071087469220523,0.04088135186536,0.06513737592494738,False,308.8745580859546
2019-10-31 18:00:00,-383025.0821,-255002.03903,1.1999816708318134e-10,123.65401169414514,85.87933833988652,-0.054400055413789616,0.0401197003134527,0.06759405582049828,False,306.40854224599246
2019-10-31 19:00:00,-383009.6464,-254746.25773,5.820766091346741e-11,123.62855718523954,85.88072300954343,-0.06053038249320146,0.04624149821549571,0.07617219546518902,False,307.37760764761424
2019-10-31 20:00:00,-382989.22149,-254454.77288,5.820766091346741e-11,123.59972418405387,85.88232111982455,-0.06744670662794634,0.04944642752023378,0.08363018252682457,False,306.2458319994497
2019-10-31 21:00:00,-382981.8476,-254144.76245,0.0,123.56804508498934,85.88391253502905,-0.07284102636623757,0.05585863627002515,0.09179325883763953,False,307.48303993243076
2019-10-31 22:00:00,-382944.09684,-253795.40369,0.0,123.53434404676548,85.88592429976438,-0.07563934945799841,0.0683141864874009,0.10192222162936104,False,312.08698205077656
2019-10-31 23:00:00,-382872.71241,-253419.08301,5.820766091346741e-11,123.50012100948777,85.88831924063582,-0.07384281798282127,0.07432346005774854,0.10476993119497509,False,315.1858632484839
2019-11-01 00:00:00,-382791.30938,-253056.69528,2.9103830456733704e-11,123.46799919798505,85.89071875017794,-0.06675673026630374,0.0766835635473949,0.10167020189896048,False,318.95886138392757
2019-11-01 01:00:00,-382677.19962,-252713.6498,1.3015628661377063e-10,123.44010811670134,85.89326600095214,-0.058519298740268746,0.08061213957760915,0.09961337948454896,False,324.022730957294
2019-11-01 02:00:00,-382539.16643,-252385.26159,8.231806349783991e-11,123.41535899258308,85.89591886976199,-0.050613764539669835,0.07488501041785778,0.09038538568905821,False,325.9457718679169
2019-11-01 03:00:00,-382427.83979,-252112.54458,0.0,123.39455362665478,85.89809668770857,-0.04223997965168133,0.06496114018515942,0.0774865511887733,False,326.96668502301776
2019-11-01 04:00:00,-382316.05913,-251873.91134,5.820766091346741e-11,123.37731953276119,85.90010937094216,-0.03415189274454259,0.05621299088986152,0.06577425121442582,False,328.71945751308385
2019-11-01 05:00:00,-382225.13913,-251684.543,1.1999816708318134e-10,123.36378388751562,85.9017228601275,-0.03585719124223554,0.04976042894969894,0.061333827966631026,False,324.22361036496113
2019-11-01 06:00:00,-382158.81166,-251461.25296,6.507814330688532e-11,123.34499538432728,85.9033191323264,-0.04216309853558075,0.04957281526886185,0.0650783442613731,False,319.61788419380576
2019-11-01 07:00:00,-382093.84161,-251234.75054,2.9103830456733704e-11,123.32576249657555,85.90492061302318,-0.04379613913354526,0.04959677317470849,0.06616601629498589,False,318.5540755860469
2019-11-01 08:00:00,-382033.6788,-251001.5854,5.820766091346741e-11,123.30548574476128,85.90651841376321,-0.047836277639070064,0.0528281310342957,0.07126795133114822,False,317.8389183308404
2019-11-01 09:00:00,-381965.07445,-250738.04072,5.820766091346741e-11,123.28258952419417,85.90832829086189,-0.051526139923954745,0.06461324312719378,0.08264269043827661,False,321.4292229819967
2019-11-01 10:00:00,-381848.35755,-250436.15317,5.820766091346741e-11,123.25896094567779,85.9106863523919,-0.05107745952300122,0.0699856495650188,0.08664235694140277,False,323.8769997825634
2019-11-01 11:00:00,-381745.40301,-250154.17254,6.507814330688532e-11,123.23644848466613,85.91284283375039,-0.04742268895328597,0.07412983231027714,0.08800081514344012,False,327.39194608824647
2019-11-01 12:00:00,-381589.07687,-249858.02695,1.1999816708318134e-10,123.21609604318094,85.91546824241608,-0.03956255788978683,0.07819064784147692,0.08762975177787846,False,333.1617039006594
2019-11-01 13:00:00,-381430.45476,-249607.46825,2.9103830456733704e-11,123.20067024644861,85.91788671954095,-0.029898235991896036,0.07169969142368154,0.07768365507414195,False,337.36422804075556
2019-11-01 14:00:00,-381274.98539,-249395.22246,5.820766091346741e-11,123.18904155121223,85.920093372066,-0.02029191500975334,0.06544375528464867,0.06851749353646873,False,342.77308866863575
2019-11-01 15:00:00,-381116.10281,-249227.26653,5.820766091346741e-11,123.18229947420687,85.92210829200198,-0.014304126447653429,0.05638401459420166,0.058170139549339264,False,345.76488226704487
2019-11-01 16:00:00,-380991.58654,-249086.84043,8.231806349783991e-11,123.17608404820457,85.92373048271338,-0.012410306510929586,0.044003324565091394,0.04571988933140583,False,344.2498968975094
2019-11-01 17:00:00,-380899.81932,-248979.10724,2.9103830456733704e-11,123.1710532576309,85.92494677653386,-0.01244420461161648,0.03442181284371659,0.03660217791147993,False,340.1240179123017
2019-11-01 18:00:00,-380833.15964,-248876.24135,5.820766091346741e-11,123.16480273538888,85.92595088493042,-0.01811502164328651,0.03105019740312378,0.03594813997844246,False,329.7402497472944
2019-11-01 19:00:00,-380784.02654,-248747.62669,5.820766091346741e-11,123.15462611352837,85.92694965736386,-0.026922916587269252,0.03099966412104562,0.04105877023466121,False,319.025992447867
2019-11-01 20:00:00,-380752.31305,-248591.88792,5.820766091346741e-11,123.1403828069578,85.92795048382142,-0.03351652845311967,0.03098610183758325,0.04564533039247126,False,312.7534488399772
2019-11-01 21:00:00,-380729.1447,-248423.59517,6.507814330688532e-11,123.12421889392172,85.92894840616104,-0.03674343618958364,0.03408871138655615,0.05012105692235477,False,312.85361064682206
2019-11-01 22:00:00,-380691.32755,-248236.20676,2.9103830456733704e-11,123.10703926976912,85.93014938353663,-0.04164148606667159,0.045914042198101856,0.061984777428090214,False,317.79371736982455
2019-11-01 23:00:00,-380615.99534,-247991.88654,2.9103830456733704e-11,123.08641678399765,85.93191004766159,-0.043345546134546484,0.05504645095640152,0.0700638860797602,False,321.7818384149083
2019-11-02 00:00:00,-380529.62931,-247758.36416,2.9103830456733704e-11,123.06767788123922,85.93370024330763,-0.039019791756761554,0.06172843773240247,0.0730270098910268,False,327.70219292175074
2019-11-02 01:00:00,-380396.82925,-247513.94716,2.9103830456733704e-11,123.05096658223016,85.93589193004544,-0.033342361563302975,0.06469444732774408,0.07278107301806067,False,332.7342308379342
2019-11-02 02:00:00,-380270.13018,-247303.10482,2.9103830456733704e-11,123.03737243142216,85.93787346158247,-0.026272725156182026,0.05929784615282748,0.06485746406927022,False,336.10360484065984
2019-11-02 03:00:00,-380142.04457,-247122.60429,8.731149137020111e-11,123.02707528266014,85.93971702447664,-0.021884691584228663,0.050364275008624615,0.05491356774860999,False,336.513700506762
2019-11-02 04:00:00,-380051.98358,-246973.35404,5.820766091346741e-11,123.0174621079606,85.9411222480721,-0.022286016594456885,0.03778137117590116,0.043864547684657855,False,329.4650115400818
2019-11-02 05:00:00,-380001.38306,-246839.83299,5.820766091346741e-11,123.00679206642346,85.94215412027903,-0.02665251000456781,0.028605589835156223,0.03909777563187937,False,317.02425831381305
2019-11-02 06:00:00,-379983.79834,-246700.2327,1.1999816708318134e-10,122.99319789340191,85.94296742354119,-0.03523594203585951,0.022035466816785833,0.04155879460460951,False,302.0205851729062
2019-11-02 07:00:00,-380006.46222,-246540.65278,0.0,122.97470711068725,85.94357543272234,-0.045464237330456576,0.024429668190908152,0.05161206800698797,False,298.25083344172236
2019-11-02 08:00:00,-380014.40157,-246329.8881,0.0,122.95179047339812,85.94454315865158,-0.05240631510875077,0.0335260167005806,0.06221266478045518,False,302.60836385026914
2019-11-02 09:00:00,-380009.14707,-246092.72964,5.820766091346741e-11,122.9269669386872,85.94573798890893,-0.06033373405529229,0.03989435811826644,0.0723306247361602,False,303.4737963600469
2019-11-02 10:00:00,-380009.43133,-245809.13132,8.231806349783991e-11,122.8968117200059,85.94711638211761,-0.0678934213016612,0.05198014453067676,0.08550702942726351,False,307.4381692684099
2019-11-02 11:00:00,-379960.40067,-245479.0119,5.820766091346741e-11,122.86507653443238,85.94909093080477,-0.06478185942678528,0.06472181963828641,0.09157293949678937,False,314.9734368454841
2019-11-02 12:00:00,-379871.13047,-245164.4744,5.820766091346741e-11,122.8377345700431,85.95129144945963,-0.05957575928241544,0.06809277666434617,0.09047594889216048,False,318.81665806673345
2019-11-02 13:00:00,-379781.07346,-244852.75423,5.820766091346741e-11,122.8107171863997,85.95348329063421,-0.05746894847257213,0.07124009852287021,0.09153049588028792,False,321.10709523222
2019-11-02 14:00:00,-379664.24285,-244538.77135,8.231806349783991e-11,122.78526846401282,85.95588686471324,-0.05571040104685102,0.06856852093338171,0.08834755711276111,False,320.90690728988625
2019-11-02 15:00:00,-379583.2231,-244248.20356,5.820766091346741e-11,122.75982921429355,85.9579063213743,-0.05390309103071435,0.05936593730704603,0.08018639370248296,False,317.76117573686497
2019-11-02 16:00:00,-379514.80263,-243981.10528,8.731149137020111e-11,122.73600646637685,85.95971632642323,-0.055031147460308336,0.05021547267026426,0.07449846230826686,False,312.38019590180375
2019-11-02 17:00:00,-379493.36232,-243719.39535,0.0,122.70951298206587,85.96114539674988,,,,False,
