datetime,latitude,longitude,flag_date,flag_gaps,flag_position,x,y,speed,x_anom,y_anom,anom_dist,flag_outlier
2019-10-09 09:30:33,84.98428,133.17113,False,False,False,-408439.1870391992,-383162.8217339024,0.05936262040689239,,,,False
2019-10-09 11:30:02,84.98138,133.14313,False,False,False,-408862.4842447188,-383184.4444903692,0.05542380934598302,0.0,-21.622756466793362,21.622756466793362,False
2019-10-09 12:30:32,84.98038,133.12581,False,False,False,-409059.7346406833,-383137.10669166397,0.04723620821321107,0.0,0.0,0.0,False
2019-10-09 14:30:03,84.97894,133.0955,False,False,False,-409379.68615112745,-383030.4308229875,0.03035269135856461,0.0,0.0,0.0,False
2019-10-09 16:30:32,84.97924,133.07324,False,False,False,-409504.01479110727,-382848.4935905552,0.03035269135856461,-31.362043088127393,0.0,31.362043088127393,False
2019-10-09 18:30:02,84.98108,133.05548,False,False,False,-409472.65274801914,-382581.3788156387,0.03766800948214467,0.0,0.0,0.0,False
2019-10-09 19:30:32,84.98225,133.04381,False,False,False,-409455.16079054103,-382408.8640005117,0.04737686798763014,17.491957478108816,0.0,17.491957478108816,False
2019-10-09 21:30:03,84.98395,133.00441,False,False,False,-409579.3156119704,-381997.8335042871,0.060136162852813944,0.0,0.0,0.0,False
2019-10-09 23:30:32,84.98441,132.93362,False,False,False,-410013.39027084096,-381456.5384468192,0.0955709629118265,0.0,0.0,0.0,False
2019-10-10 00:30:31,84.98457,132.88875,False,False,False,-410298.9141394983,-381123.17800452054,inf,,,,False
2019-10-10 00:30:32,84.98457,132.88873,True,True,False,-410299.0471765594,-381123.0347831581,inf,,,,False
2019-10-10 02:30:03,84.98548,132.78729,False,False,False,-410898.6520629331,-380327.047504233,0.1395735223811538,,,,False
2019-10-10 04:30:32,84.98735,132.68068,False,False,False,-411452.2242555805,-379420.38479148585,0.1343076554485968,0.0,0.0,0.0,False
2019-10-10 05:30:32,84.9887,132.63364,False,False,False,-411652.7715864222,-378980.42987527617,0.10188795280226037,0.0,0.0,0.0,False
2019-10-10 07:30:04,84.98989,132.56039,False,False,False,-412039.14395433525,-378364.0342888296,0.07559762813207267,0.0,0.0,0.0,False
2019-10-10 08:30:32,84.98959,132.53226,False,False,False,-412249.52289933414,-378184.3218185436,0.06884958661405982,0.0,0.0,0.0,False
2019-10-10 09:30:33,84.98877,132.50867,False,False,False,-412472.64263771364,-378076.38005543756,0.06884958661405982,0.0,0.0,0.0,False
2019-10-10 11:30:03,84.98615,132.46048,False,False,False,-413006.1556773352,-377926.6767403177,0.07760762470750031,0.0,0.0,0.0,False
2019-10-10 13:30:33,84.98314,132.40953,False,False,False,-413590.0351215241,-377785.76996718167,0.054067062670934425,0.0,0.0,0.0,False
2019-10-10 15:30:02,84.98077,132.38077,False,False,False,-413974.9524484316,-377756.3654137724,0.027955562539388815,0.0,29.40455340925837,29.40455340925837,False
2019-10-10 17:30:04,84.97913,132.38934,False,False,False,-414053.596598471,-377941.64562401286,0.027955562539388815,-70.0416916779941,0.0,70.0416916779941,False
2019-10-10 18:30:32,84.9783,132.41032,False,False,False,-413983.554906793,-378155.6936765957,0.06153452372637294,0.0,0.0,0.0,False
2019-10-10 20:30:04,84.9756,132.47855,False,False,False,-413755.1281334474,-378851.8584639059,0.10261664978603395,0.0,0.0,0.0,False
2019-10-10 21:30:31,84.97332,132.51884,False,False,False,-413676.1249432939,-379314.64479165396,0.12827357869817654,0.0,0.0,0.0,False
2019-10-10 22:30:33,84.97028,132.56244,False,False,False,-413637.1926121822,-379858.7576451395,0.15152886590249925,38.93233111174777,0.0,38.93233111174777,False
2019-10-11 00:30:01,84.96146,132.64105,False,False,False,-413839.5618744673,-381092.55338736327,inf,,,,False
2019-10-11 00:30:03,84.96146,132.64108,True,True,False,-413839.36233481625,-381092.77007319883,inf,,,,False
2019-10-11 02:30:33,84.95208,132.6925,False,False,False,-414266.4342576722,-382173.67266605404,0.12564589776213658,,,,False
2019-10-11 04:30:03,84.94451,132.72321,False,False,False,-414682.0363176254,-382968.709990977,0.10747733308711596,0.0,0.0,0.0,False
2019-10-11 06:30:33,84.93875,132.7681,False,False,False,-414853.65803594777,-383729.8875989546,0.10747733308711596,0.0,0.0,0.0,False
2019-10-11 08:30:03,84.9308,132.84142,False,False,False,-415012.67327200854,-384863.6063921773,0.16033840431701735,0.0,0.0,0.0,False
2019-10-11 10:30:33,84.92106,132.88626,False,False,False,-415507.6160361343,-385927.86025909736,0.12521393472974535,0.0,0.0,0.0,False
2019-10-11 12:30:02,84.91313,132.8992,False,False,False,-416068.60173026024,-386623.97821674607,0.09296569874666682,0.0,0.0,0.0,False
2019-10-11 13:30:33,84.9101,132.90308,False,False,False,-416290.0591502494,-386882.2991545754,0.07085113437940217,0.0,0.0,0.0,False
2019-10-11 15:30:03,84.90607,132.92644,False,False,False,-416461.53335288,-387358.22797026037,0.07085113437940217,-168.8881986036431,0.0,168.8881986036431,False
2019-10-11 17:30:32,84.9042,132.97398,False,False,False,-416292.64515427634,-387845.8710546085,0.07108278845721194,0.0,0.0,0.0,False
2019-10-11 18:30:32,84.90339,133.0056,False,False,False,-416144.63046828145,-388137.19507401617,0.08371810609449004,0.0,0.0,0.0,False
2019-10-11 20:30:02,84.90108,133.05989,False,False,False,-415964.9817426679,-388707.307469217,0.06101023801300331,0.0,0.0,0.0,False
2019-10-11 21:30:31,84.89993,133.07828,False,False,False,-415933.91930399626,-388928.4338708875,inf,,,,False
2019-10-11 21:30:33,84.89992,133.07829,True,True,False,-415934.6663866266,-388929.2685153519,inf,,,,False
2019-10-11 23:30:03,84.89922,133.08864,False,False,False,-415921.44059974817,-389057.7510807624,0.018089844838177088,,,,False
2019-10-12 01:30:33,84.90295,133.07211,False,False,False,-415729.6554179812,-388653.52822870883,0.061627023771115536,0.0,0.0,0.0,False
2019-10-12 03:30:02,84.91043,133.06247,False,False,False,-415185.2886373442,-388013.72941847396,0.117522600420061,0.0,0.0,0.0,False
2019-10-12 05:30:04,84.91801,133.05977,False,False,False,-414585.64021867834,-387416.7259613419,0.09922435601317178,0.0,0.0,0.0,False
2019-10-12 06:30:32,84.92125,133.05627,False,False,False,-414345.1601777527,-387144.5948060005,0.08240684059563108,0.0,0.0,0.0,False
2019-10-12 07:30:32,84.92381,133.04817,False,False,False,-414191.15217015246,-386891.0372504035,0.06673445846609272,0.0,0.0,0.0,False
2019-10-12 08:30:32,84.92563,133.03519,False,False,False,-414130.36010566447,-386658.61193189165,0.06673445846609272,48.281316686887294,0.0,48.281316686887294,False
2019-10-12 09:30:33,84.92677,133.01425,False,False,False,-414178.64142235136,-386420.46229108406,0.06749847789653542,0.0,0.0,0.0,False
2019-10-12 11:30:03,84.92805,132.94531,False,False,False,-414538.75154867047,-385824.52934183663,0.09751916722921158,0.0,0.0,0.0,False
2019-10-12 13:30:33,84.92976,132.84329,False,False,False,-415085.1936291922,-384956.05716693966,0.1383469280519964,0.0,0.0,0.0,False
2019-10-12 15:30:03,84.93253,132.74831,False,False,False,-415495.8101507427,-384057.64906568313,0.09058643886465118,0.0,0.0,0.0,False
2019-10-12 17:30:33,84.93489,132.68727,False,False,False,-415711.1727278238,-383436.25353270053,0.059255227383568934,0.0,0.0,0.0,False
2019-10-12 19:30:03,84.93504,132.64444,False,False,False,-415985.3737179396,-383114.0541076646,0.059255227383568934,0.0,0.0,0.0,False
2019-10-12 21:30:33,84.93292,132.58813,False,False,False,-416535.84577725927,-382865.11384703807,0.08321551462846642,0.0,0.0,0.0,False
2019-10-12 23:30:02,84.93079,132.49658,False,False,False,-417322.3029389483,-382359.6121596155,0.13093903549180969,0.0,0.0,0.0,False
2019-10-13 01:30:33,84.92968,132.39186,False,False,False,-418111.9165238212,-381679.7291361646,0.12460649338023841,0.0,0.0,0.0,False
2019-10-13 03:30:03,84.92944,132.30186,False,False,False,-418730.7469757537,-381040.5125740322,0.08628375718165818,0.0,0.0,0.0,False
2019-10-13 05:30:32,84.92812,132.24025,False,False,False,-419249.27289670135,-380689.03998285613,0.08181885740565169,0.0,0.0,0.0,False
2019-10-13 07:30:03,84.92519,132.19128,False,False,False,-419816.7048936526,-380550.1336785258,0.08181885740565169,0.0,0.0,0.0,False
2019-10-13 08:30:32,84.92333,132.16444,False,False,False,-420148.7522769259,-380492.7374634232,0.09206871521232517,0.0,0.0,0.0,False
2019-10-13 09:30:32,84.9213,132.13564,False,False,False,-420507.9174671019,-380433.4545931706,0.10111801431698143,0.0,0.0,0.0,False
2019-10-13 10:30:33,84.91919,132.10387,False,False,False,-420893.46812637127,-380358.07461745985,0.10912511635096712,0.0,0.0,0.0,False
2019-10-13 14:30:33,84.91154,132.00774,False,False,False,-422165.26873173175,-380222.59307251446,0.07782145917034443,0.0,135.48154494538903,135.48154494538903,False
2019-10-13 16:30:02,84.90656,132.0079,False,False,False,-422577.07886448636,-380595.626614406,0.07782145917034443,0.0,0.0,0.0,False
2019-10-13 17:30:32,84.90318,132.01855,False,False,False,-422786.50227259606,-380926.60254459956,0.10701290826969417,0.0,0.0,0.0,False
2019-10-13 18:30:32,84.89868,132.02515,False,False,False,-423115.59445525106,-381311.4259129373,0.14065287844467594,0.0,0.0,0.0,False
2019-10-13 20:30:03,84.88887,132.01431,False,False,False,-424000.9493601881,-381963.96340555715,0.15403988177170166,0.0,0.0,0.0,False
2019-10-13 21:30:32,84.88364,131.98874,False,False,False,-424605.09510537004,-382165.0752180709,inf,,,,False
2019-10-13 21:30:33,84.88363,131.98872,True,True,False,-424606.0578072353,-382165.67341340624,inf,,,,False
2019-10-14 01:30:31,84.86487,131.81645,False,False,False,-427313.15208151477,-382282.87051246315,inf,,,,False
2019-10-14 01:30:33,84.86486,131.81642,True,True,False,-427314.1837796714,-382283.3906791161,inf,,,,False
2019-10-14 03:30:03,84.85751,131.67137,False,False,False,-428893.1618926464,-381745.6002459131,0.0967566346512516,,,,False
2019-10-14 07:30:02,84.84508,131.68472,False,False,False,-429839.91824849654,-382767.8159088695,0.10588594258036683,0.0,0.0,0.0,False
2019-10-14 08:30:33,84.84175,131.67375,False,False,False,-430190.7108453199,-382932.5392586218,0.10588594258036683,0.0,0.0,0.0,False
2019-10-14 10:30:03,84.83484,131.6438,False,False,False,-430966.9514544076,-383219.9158082971,0.10487788523338325,0.0,0.0,0.0,False
2019-10-14 12:30:32,84.82969,131.59419,False,False,False,-431728.3213523458,-383228.05923956534,0.08787150049002844,0.0,-8.143431268224958,8.143431268224958,False
2019-10-14 13:30:31,84.82812,131.56805,False,False,False,-432034.1703097995,-383147.27702011477,inf,,,,False
2019-10-14 13:30:33,84.82812,131.56804,True,True,False,-432034.2371816081,-383147.20161592134,inf,,,,False
2019-10-14 15:30:02,84.82642,131.53214,False,False,False,-432416.2066055312,-383002.1846612092,0.019009511497783627,,,,False
2019-10-14 16:30:32,84.82598,131.52725,False,False,False,-432485.6446498442,-382997.8243311509,0.015437194199850006,0.0,4.360330058261752,4.360330058261752,False
2019-10-14 17:30:32,84.82561,131.53094,False,False,False,-432491.8807362077,-383053.0472384468,0.015437194199850006,-6.2360863634967245,0.0,6.2360863634967245,False
2019-10-14 18:30:32,84.82507,131.54161,False,False,False,-432465.632870095,-383173.5365987215,0.03425421981629069,0.0,0.0,0.0,False
2019-10-14 20:30:03,84.82346,131.56958,False,False,False,-432412.9176865009,-383503.7962299772,0.03101321786059127,52.715183594147675,0.0,52.715183594147675,False
2019-10-14 22:30:33,84.82159,131.57797,False,False,False,-432512.8272996194,-383705.57154135377,0.030828963880736148,0.0,-119.39912451058626,119.39912451058626,False
2019-10-15 00:30:02,84.82106,131.55696,False,False,False,-432697.7492726452,-383586.1724168432,0.030828963880736148,0.0,0.0,0.0,False
2019-10-15 01:30:33,84.82157,131.54143,False,False,False,-432759.1151503767,-383431.1411573827,0.045555930744274976,-29.731385525199585,0.0,29.731385525199585,False
2019-10-15 03:30:02,84.82378,131.51828,False,False,False,-432729.3837648515,-383092.81412852096,0.035083484098325984,0.0,0.0,0.0,False
2019-10-15 06:30:03,84.82716,131.52193,False,False,False,-432422.6352581749,-382870.3915632286,0.008877030098281887,0.0,11.105885206256062,11.105885206256062,False
2019-10-15 08:30:32,84.82752,131.52693,False,False,False,-432359.1521433663,-382881.4974484349,0.008877030098281887,62.6137724238215,-11.105885206256062,63.591077859686,False
2019-10-15 09:30:32,84.82726,131.52081,False,False,False,-432421.7659157901,-382854.5426727285,0.018935898264830706,0.0,0.0,0.0,False
2019-10-15 11:30:01,84.82676,131.48628,False,False,False,-432694.20905913675,-382630.8235052789,inf,,,,False
2019-10-15 11:30:03,84.82675,131.48627,True,True,False,-432695.1116353957,-382631.48707749625,inf,,,,False
2019-10-15 13:30:32,84.82747,131.4326,False,False,False,-432993.11259133095,-382172.8476660966,0.07533751302643875,,,,False
2019-10-15 14:30:33,84.82836,131.40706,False,False,False,-433088.9492016803,-381914.1236661845,0.059939793238555285,0.0,0.0,0.0,False
2019-10-15 16:30:02,84.8305,131.37181,False,False,False,-433144.6558409577,-381489.79455200525,0.034943937498280064,-4.903410591301508,0.0,4.903410591301508,False
2019-10-15 17:30:32,84.83129,131.36261,False,False,False,-433139.7524303664,-381361.9937722438,0.034943937498280064,4.903410591301508,0.0,4.903410591301508,False
2019-10-15 20:30:03,84.83117,131.3188,False,False,False,-433441.281560623,-381039.53097913944,0.04110587939874108,0.0,0.0,0.0,False
2019-10-15 22:30:33,84.8297,131.25026,False,False,False,-434020.0978412536,-380628.8945413883,0.09775253855928286,0.0,0.0,0.0,False
2019-10-16 00:30:01,84.82824,131.14995,False,False,False,-434808.4719159246,-379975.64469452004,inf,,,,False
2019-10-16 00:30:03,84.82824,131.14993,True,True,False,-434808.60455241945,-379975.49291770806,inf,,,,False
2019-10-16 13:30:03,84.82573,130.66573,False,False,False,-438216.5884699724,-376469.9398579049,0.11829527251758018,,,,False
2019-10-16 15:30:32,84.82732,130.58238,False,False,False,-438629.05880936363,-375716.64952221996,0.09519953545697152,0.0,0.0,0.0,False
2019-10-16 16:30:32,84.82856,130.55127,False,False,False,-438727.877440579,-375388.48686403263,0.06261224938863638,0.0,0.0,0.0,False
2019-10-16 17:30:33,84.82933,130.53059,False,False,False,-438798.04286697356,-375174.28177482256,0.038434055981531635,0.0,0.0,0.0,False
2019-10-16 19:30:03,84.82919,130.5034,False,False,False,-438987.911198549,-374976.15077805606,0.038434055981531635,0.0,0.0,0.0,False
2019-10-16 21:30:32,84.82714,130.46935,False,False,False,-439384.6762493996,-374863.649976498,0.05680527208337968,0.0,0.0,0.0,False
2019-10-16 22:30:33,84.82587,130.44392,False,False,False,-439658.84728038724,-374760.51593005576,0.0813686862337797,0.0,0.0,0.0,False
2019-10-17 00:30:03,84.82408,130.28769,False,False,False,-440831.42325815564,-373689.4331196795,0.014177835259989276,0.0,72.22145555284806,72.22145555284806,False
2019-10-17 02:30:33,84.82316,130.28845,False,False,False,-440904.76403404924,-373761.65457523236,0.014177835259989276,0.0,-72.22145555284806,72.22145555284806,False
2019-10-17 04:30:02,84.82333,130.23434,False,False,False,-441243.0673819751,-373332.84742945386,0.03859486852764554,0.0,0.0,0.0,False
2019-10-17 05:30:32,84.82355,130.22055,False,False,False,-441314.16654951934,-373210.78797574056,0.016222745571407376,0.0,0.0,0.0,False
2019-10-17 06:30:32,84.82384,130.21573,False,False,False,-441320.85399014124,-373152.7702353559,0.007138023934778402,0.0,47.61028310691472,47.61028310691472,False
2019-10-17 08:30:02,84.82344,130.21817,False,False,False,-441339.04030930094,-373200.3805184628,0.007138023934778402,0.0,0.0,0.0,False
2019-10-17 10:30:32,84.82178,130.21255,False,False,False,-441517.0790830341,-373276.66349787737,0.02667944801496261,0.0,-55.270887667371426,55.270887667371426,False
2019-10-17 12:30:03,84.82053,130.1937,False,False,False,-441746.39269100333,-373221.39261021,0.018599367904349018,0.0,0.0,0.0,False
2019-10-17 14:30:32,84.82087,130.18086,False,False,False,-441801.0385638525,-373097.9126096702,0.018599367904349018,-54.64587284915615,0.0,54.64587284915615,False
2019-10-17 15:30:32,84.82178,130.18433,False,False,False,-441700.8761921632,-373059.1569780818,0.029832996690420423,0.0,21.846534501411952,21.846534501411952,False
2019-10-17 17:30:02,84.82491,130.21642,False,False,False,-441225.1996242133,-373081.0035125832,0.0666915937977504,0.0,0.0,0.0,False
2019-10-17 19:30:32,84.82838,130.27255,False,False,False,-440564.1098808576,-373262.8080725765,0.06721465737863601,0.0,0.0,0.0,False
2019-10-17 22:30:03,84.83237,130.32896,False,False,False,-439857.03343174723,-373408.27784633735,0.06721465737863601,0.0,-145.46977376088034,145.46977376088034,False
2019-10-18 00:30:33,84.83723,130.32988,False,False,False,-439437.6735406866,-373064.41164854495,0.07469917817101708,0.0,0.0,0.0,False
2019-10-18 02:30:02,84.84564,130.32397,False,False,False,-438760.7809053227,-372411.8882651913,0.13168025260912308,0.0,0.0,0.0,False
2019-10-18 05:30:02,84.86208,130.35442,False,False,False,-437165.00382523914,-371457.314915022,0.1720862184964012,0.0,0.0,0.0,False
2019-10-18 06:30:32,84.86742,130.37483,False,False,False,-436578.76173332625,-371227.06930284185,0.16156431467101345,0.0,0.0,0.0,False
2019-10-18 08:30:03,84.87706,130.41656,False,False,False,-435489.38902338187,-370847.6104597605,0.13600064918697427,0.0,0.0,0.0,False
2019-10-18 10:30:33,84.8858,130.43208,False,False,False,-434646.65711712965,-370333.1281851829,0.13600064918697427,0.0,0.0,0.0,False
2019-10-18 12:30:03,84.89565,130.42445,False,False,False,-433859.3402431808,-369562.60002434126,0.1542894614415457,0.0,0.0,0.0,False
2019-10-18 14:30:33,84.90853,130.40941,False,False,False,-432862.0957801491,-368517.120170537,0.199011963633464,0.0,0.0,0.0,False
2019-10-18 16:30:02,84.92359,130.42133,False,False,False,-431506.1942736806,-367517.63929795084,0.2277271779376117,0.0,0.0,0.0,False
2019-10-18 17:30:32,84.93089,130.43922,False,False,False,-430771.5060967119,-367124.0346161415,0.21336555927366016,0.0,0.0,0.0,False
2019-10-18 18:30:33,84.93752,130.46017,False,False,False,-430074.39607157104,-366801.48256938497,0.18413445301394152,0.0,0.0,0.0,False
2019-10-18 20:30:03,84.94865,130.50397,False,False,False,-428849.61613762623,-366323.56753782014,0.15258897890990417,0.0,0.0,0.0,False
2019-10-18 22:30:33,84.95842,130.52402,False,False,False,-427892.7722334177,-365765.3008528572,0.15258897890990417,0.0,0.0,0.0,False
2019-10-19 00:30:02,84.96945,130.50891,False,False,False,-427053.51000202174,-364853.0238656347,0.1736135716083699,0.0,0.0,0.0,False
2019-10-19 01:30:33,84.97556,130.49631,False,False,False,-426615.30691685766,-364316.3793607307,0.18929699780121603,0.0,0.0,0.0,False
2019-10-19 05:30:33,84.99976,130.50368,False,False,False,-424515.30508211604,-362617.4803150223,0.10632646913762901,0.0,0.0,0.0,False
2019-10-19 07:30:03,85.00656,130.50105,False,False,False,-423955.00900408754,-362105.2216923902,0.06937752390435516,0.0,0.0,0.0,False
2019-10-19 09:30:33,85.0107,130.48041,False,False,False,-423734.0609862336,-361652.589009728,0.06937752390435516,0.0,0.0,0.0,False
2019-10-19 11:30:01,85.01564,130.4384,False,False,False,-423579.59211866633,-360984.2772039276,inf,,,,False
2019-10-19 11:30:03,85.01565,130.43837,True,True,False,-423578.93189097365,-360983.33167824324,inf,,,,False
2019-10-19 13:30:33,85.02276,130.37987,False,False,False,-423342.9467697731,-360036.6989804135,0.13438066522990783,,,,False
2019-10-19 15:30:03,85.03092,130.33054,False,False,False,-422958.67884459306,-359082.81036278553,0.1162933126057347,0.0,0.0,0.0,False
2019-10-19 17:30:32,85.03812,130.30371,False,False,False,-422514.10128678265,-358365.0531129732,0.07093420345169608,0.0,0.0,0.0,False
2019-10-19 19:30:02,85.04237,130.28531,False,False,False,-422267.41460314195,-357922.72093416285,0.04924029448733106,2.0650850534439087,0.0,2.0650850534439087,False
2019-10-19 20:30:32,85.0434,130.27094,False,False,False,-422269.4796881954,-357742.5132883463,0.04924029448733106,0.0,0.0,0.0,False
2019-10-19 21:30:33,85.04404,130.24986,False,False,False,-422346.56608905987,-357540.9888200999,0.05993465094815027,0.0,0.0,0.0,False
2019-10-19 23:30:03,85.04556,130.19211,False,False,False,-422577.1694979245,-357005.65854865505,0.08163673585099845,0.0,0.0,0.0,False
2019-10-20 01:30:31,85.04911,130.13118,False,False,False,-422653.72389182745,-356300.76498428395,0.09766369725332415,-76.55439390294487,0.0,76.55439390294487,False
2019-10-20 03:30:02,85.05419,130.08289,False,False,False,-422520.17862308165,-355579.436102996,0.09390772778154954,0.0,0.0,0.0,False
2019-10-20 04:30:32,85.05691,130.06615,False,False,False,-422391.778880323,-355260.61834021186,0.0765599637563597,0.0,0.0,0.0,False
2019-10-20 06:30:04,85.06151,130.04662,False,False,False,-422119.92558097286,-354786.3725800101,0.05745597594244616,0.0,0.0,0.0,False
2019-10-20 07:30:32,85.06329,130.03944,False,False,False,-422012.3215215307,-354605.69946065557,0.05344945343811238,0.0,0.0,0.0,False
2019-10-20 09:30:03,85.06621,130.01878,False,False,False,-421890.6359423987,-354243.99047828617,0.05344945343811238,0.0,0.0,0.0,False
2019-10-20 11:30:31,85.06979,129.98538,False,False,False,-421790.99431086454,-353741.3007759579,inf,,,,False
2019-10-20 11:30:33,85.06979,129.98537,True,True,False,-421791.05605036207,-353741.22715953644,inf,,,,False
2019-10-20 13:30:03,85.07555,129.94987,False,False,False,-421517.4409481591,-353067.1228256596,0.1018932230976835,,,,False
2019-10-20 15:30:32,85.08376,129.92911,False,False,False,-420942.84327103355,-352326.3857804433,0.1291283827315376,0.0,0.0,0.0,False
2019-10-20 16:30:32,85.08839,129.92963,False,False,False,-420543.4769953027,-351998.60946201923,0.14351483370409746,0.0,0.0,0.0,False
2019-10-20 17:30:32,85.09314,129.94077,False,False,False,-420068.65893518477,-351740.0983212972,0.15017484667868694,0.0,0.0,0.0,False
2019-10-20 19:30:02,85.10211,129.99762,False,False,False,-418952.684787351,-351513.3884015973,0.13653959432893453,0.0,0.0,0.0,False
2019-10-20 20:30:33,85.10576,130.02797,False,False,False,-418454.55927447975,-351473.3139840646,0.10101394368488752,0.0,0.0,0.0,False
2019-10-20 22:30:01,85.11182,130.05429,False,False,False,-417775.4719460013,-351230.35946117126,inf,,,,False
2019-10-20 22:30:03,85.11182,130.05431,True,True,False,-417775.34934345185,-351230.5052923001,inf,,,,False
2019-10-21 00:30:31,85.12172,130.0289,False,False,False,-417085.1948183128,-350334.68735619646,inf,,,,False
2019-10-21 00:30:33,85.12173,130.02888,True,True,False,-417084.46268199774,-350333.82408307865,inf,,,,False
2019-10-21 02:30:02,85.13581,129.99217,False,False,False,-416105.15688789997,-349056.79243886156,0.22539229474670694,,,,False
2019-10-21 05:30:03,85.15863,129.96112,False,False,False,-414342.50226610847,-347195.7814236548,0.19188083412372972,0.0,0.0,0.0,False
2019-10-21 07:30:33,85.171,129.94118,False,False,False,-413405.0066999658,-346165.3912574756,0.1627039653876651,0.0,0.0,0.0,False
2019-10-21 09:30:03,85.18047,129.88985,False,False,False,-412904.1566465616,-345117.1972003649,0.1627039653876651,0.0,0.0,0.0,False
2019-10-21 12:30:31,85.19728,129.74124,False,False,False,-412355.5413645983,-342845.8426652266,inf,,,,False
2019-10-21 12:30:33,85.19729,129.74121,True,True,False,-412354.86283359816,-342844.91335081833,inf,,,,False
2019-10-21 14:30:02,85.21136,129.6281,False,False,False,-411821.63207527326,-341028.81975417346,0.25583892169987815,,,,False
2019-10-21 16:30:32,85.22567,129.52629,False,False,False,-411195.26956806704,-339280.2289659053,0.21601750396644548,0.0,0.0,0.0,False
2019-10-21 19:30:03,85.24313,129.39067,False,False,False,-410491.4379883399,-337069.53880357486,0.19858327192572817,0.0,0.0,0.0,False
2019-10-21 21:30:33,85.25286,129.28825,False,False,False,-410252.9602999929,-335647.68464512634,0.19858327192572817,0.0,0.0,0.0,False
2019-10-21 23:30:03,85.264,129.16188,False,False,False,-410028.38563075213,-333956.9791254967,0.23887329356706632,0.0,0.0,0.0,False
2019-10-22 01:30:32,85.27802,129.02386,False,False,False,-409616.22369566484,-331983.208793473,0.277733458275629,0.0,0.0,0.0,False
2019-10-22 02:30:32,85.28561,128.95833,False,False,False,-409337.0343795326,-330981.9643624839,0.28873354327925776,0.0,0.0,0.0,False
2019-10-22 04:30:04,85.30127,128.83788,False,False,False,-408670.74079172494,-329024.7937913561,0.2629039973336606,0.0,0.0,0.0,False
2019-10-22 05:30:31,85.30859,128.7823,False,False,False,-408352.9533865208,-328116.55643143883,inf,,,,False
2019-10-22 05:30:33,85.30859,128.78229,True,True,False,-408353.01065365685,-328116.4851603985,inf,,,,False
2019-10-22 07:30:03,85.32106,128.66823,False,False,False,-407918.88719460886,-326433.45383952797,0.22827825019621142,,,,False
2019-10-22 09:30:33,85.3311,128.53416,False,False,False,-407805.1939671495,-324780.05810358375,0.22827825019621142,79.0514650241239,0.0,79.0514650241239,False
2019-10-22 11:30:01,85.33972,128.38696,False,False,False,-407884.2454321736,-323133.94958540244,0.23081310627432317,0.0,0.0,0.0,False
2019-10-22 13:30:32,85.3479,128.22923,False,False,False,-408055.18176199915,-321444.9838963812,0.22741769759034441,0.0,0.0,0.0,False
2019-10-22 15:30:04,85.35578,128.07854,False,False,False,-408206.9743454272,-319828.33204271854,0.2118522035188058,0.0,0.0,0.0,False
2019-10-22 16:30:33,85.35959,128.00687,False,False,False,-408271.708477681,-319055.65993478807,0.19319815507103116,0.0,0.0,0.0,False
2019-10-22 18:30:03,85.36646,127.87997,False,False,False,-408372.2353835725,-317679.8929546261,0.1657348568586153,0.0,0.0,0.0,False
2019-10-22 20:30:32,85.37257,127.77011,False,False,False,-408441.6259763662,-316478.6604387681,0.1657348568586153,0.0,0.0,0.0,False
2019-10-22 22:30:04,85.37797,127.65704,False,False,False,-408588.3023474429,-315303.8492814194,0.1658168204829876,0.0,0.0,0.0,False
2019-10-22 23:30:33,85.38083,127.59493,False,False,False,-408676.97143855196,-314666.03047431144,0.1759433518689585,0.0,0.0,0.0,False
2019-10-23 01:30:03,85.38724,127.46709,False,False,False,-408810.28542081546,-313318.25633853197,0.18437395289500805,0.0,0.0,0.0,False
2019-10-23 03:30:32,85.39389,127.34308,False,False,False,-408897.47294212936,-311982.5439626312,0.1738541652090012,0.0,0.0,0.0,False
2019-10-23 04:30:33,85.39703,127.28529,False,False,False,-408933.1396394264,-311357.6860621768,0.15237414122752993,0.0,0.0,0.0,False
2019-10-23 06:30:02,85.40198,127.18075,False,False,False,-409060.4333474648,-310277.2072369238,0.1330921864491737,0.0,0.0,0.0,False
2019-10-23 07:30:32,85.40375,127.13105,False,False,False,-409171.9434250269,-309803.0249235391,0.13052206103143418,0.0,0.0,0.0,False
2019-10-23 08:30:32,85.40521,127.08184,False,False,False,-409307.8923138859,-309353.2421218581,0.13052206103143418,0.0,0.0,0.0,False
2019-10-23 09:30:33,85.40648,127.03117,False,False,False,-409468.1686007065,-308905.7906422381,0.13202521350431104,0.0,0.0,0.0,False
2019-10-23 11:30:02,85.40895,126.92726,False,False,False,-409807.36757254216,-307997.0756495321,0.13255396094131222,0.0,0.0,0.0,False
2019-10-23 12:30:32,85.41029,126.87567,False,False,False,-409964.90360367484,-307538.21783627814,0.11179610295670755,0.0,0.0,0.0,False
2019-10-23 14:30:02,85.4134,126.79528,False,False,False,-410118.0727345493,-306754.8270965584,0.0991501817073979,0.0,0.0,0.0,False
2019-10-23 15:30:33,85.41522,126.76163,False,False,False,-410135.44438896544,-306392.35346355557,0.09625983043258642,0.0,0.0,0.0,False
2019-10-23 17:30:03,85.41856,126.69698,False,False,False,-410182.0406924937,-305706.6396298634,0.09289820758369309,0.0,0.0,0.0,False
2019-10-23 19:30:33,85.42132,126.62976,False,False,False,-410293.23664839414,-305041.4283067377,0.09289820758369309,0.0,0.0,0.0,False
2019-10-23 21:30:03,85.42358,126.5599,False,False,False,-410462.28021072596,-304390.7038753377,0.09416286382844447,0.0,0.0,0.0,False
2019-10-23 23:30:33,85.42656,126.48048,False,False,False,-410616.4148514682,-303623.7292080536,0.10775608316512589,0.0,0.0,0.0,False
2019-10-24 01:30:03,85.4308,126.39294,False,False,False,-410698.93985888024,-302715.26593179465,0.1277596457132714,-82.52500741207041,0.0,82.52500741207041,False
2019-10-24 03:30:33,85.43694,126.30612,False,False,False,-410604.98205173603,-301686.8746751894,0.13635394050290592,0.0,0.0,0.0,False
2019-10-24 05:30:03,85.44342,126.23277,False,False,False,-410407.5493983926,-300733.5366899411,0.13431001645219565,0.0,0.0,0.0,False
2019-10-24 09:30:02,85.4543,126.06304,False,False,False,-410315.10603388265,-298801.6829954656,0.13431001645219565,92.44336450996343,0.0,92.44336450996343,False
2019-10-24 11:30:33,85.45876,125.95448,False,False,False,-410477.6115208353,-297731.47144087916,0.1491017918691037,0.0,0.0,0.0,False
2019-10-24 13:30:03,85.46349,125.83125,False,False,False,-410689.04981121107,-296538.92888678215,0.16962767037035617,0.0,0.0,0.0,False
2019-10-24 15:30:32,85.46937,125.70125,False,False,False,-410827.93248953234,-295223.4080682783,0.18166794793371552,0.0,0.0,0.0,False
2019-10-24 16:30:32,85.47253,125.63885,False,False,False,-410862.6074268776,-294570.3233249473,0.17637010602175832,-8.860728317813482,0.0,8.860728317813482,False
2019-10-24 18:30:04,85.47916,125.52328,False,False,False,-410853.7466985598,-293311.0719418445,0.15082800840549987,8.860728317813482,0.0,8.860728317813482,False
2019-10-24 19:30:32,85.48168,125.46935,False,False,False,-410900.60258657834,-292761.0335699353,inf,,,,False
2019-10-24 19:30:33,85.48169,125.46934,True,True,False,-410899.74478210945,-292760.31427508115,inf,,,,False
2019-10-24 21:30:03,85.48524,125.36212,False,False,False,-411123.7899923959,-291761.5816007442,0.13969958858280127,,,,False
2019-10-25 01:30:03,85.49078,125.14442,False,False,False,-411723.8329719411,-289841.48238218576,0.12124184690671624,0.0,0.0,0.0,False
2019-10-25 03:30:33,85.49398,125.05284,False,False,False,-411894.2333617215,-288977.91792207217,0.09753529105318752,0.0,0.0,0.0,False
2019-10-25 05:30:03,85.49688,124.9826,False,False,False,-411983.0188817714,-288287.1988427363,0.061451476082115285,0.0,0.0,0.0,False
2019-10-25 07:30:33,85.49847,124.93595,False,False,False,-412072.1362340817,-287850.05246053386,0.060803989620185336,0.0,0.0,0.0,False
2019-10-25 09:30:03,85.49901,124.88694,False,False,False,-412268.77444031887,-287462.99771332747,0.060803989620185336,0.0,0.0,0.0,False
2019-10-25 11:30:33,85.49934,124.8263,False,False,False,-412542.5531504714,-287005.47257155745,0.07344117501393746,0.0,0.0,0.0,False
2019-10-25 13:30:02,85.49983,124.76548,False,False,False,-412802.0567475797,-286536.211123616,0.0711551991104057,0.0,0.0,0.0,False
2019-10-25 14:30:33,85.50037,124.73659,False,False,False,-412896.95898324635,-286293.69035374053,0.061131429216559494,0.0,0.0,0.0,False
2019-10-25 16:30:02,85.50169,124.68973,False,False,False,-413009.8416289933,-285872.06148141704,0.04612607814655613,0.0,0.0,0.0,False
2019-10-25 17:30:32,85.50233,124.67228,False,False,False,-413038.1466443243,-285705.6297935022,0.040013220351317776,0.0,0.0,0.0,False
2019-10-25 18:30:33,85.50277,124.65683,False,False,False,-413074.78112842503,-285566.3185459303,0.03459497020840385,0.0,0.0,0.0,False
2019-10-25 20:30:03,85.5028,124.62865,False,False,False,-413212.4273888348,-285361.21734607796,0.03459497020840385,0.0,0.0,0.0,False
2019-10-25 22:30:32,85.50213,124.59297,False,False,False,-413451.60456645885,-285146.29247051076,0.044291495030025815,0.0,0.0,0.0,False
2019-10-25 23:30:33,85.50188,124.56937,False,False,False,-413591.994771247,-284991.7992237831,0.05798678335266522,0.0,0.0,0.0,False
2019-10-26 01:30:03,85.50197,124.51939,False,False,False,-413832.1644904342,-284625.2162705724,0.055371276115938714,0.0,0.0,0.0,False
2019-10-26 03:30:32,85.50297,124.47533,False,False,False,-413958.91610644694,-284243.7265834267,0.044564184453077416,0.0,0.0,0.0,False
2019-10-26 04:30:32,85.50366,124.45927,False,False,False,-413975.0807197325,-284084.1119488111,0.0378830260165541,0.0,0.0,0.0,False
2019-10-26 05:30:32,85.50431,124.44609,False,False,False,-413980.597553433,-283947.8446850177,0.033215020529232406,0.0,0.0,0.0,False
2019-10-26 07:30:03,85.50529,124.42207,False,False,False,-414009.3819699657,-283712.4427556614,0.033215020529232406,0.0,0.0,0.0,False
2019-10-26 08:30:33,85.50557,124.40742,False,False,False,-414056.12995352125,-283588.91750982794,0.0360861221524852,0.0,0.0,0.0,False
2019-10-26 10:30:03,85.50602,124.36733,False,False,False,-414213.00265026937,-283270.78269882896,0.04967919606676189,0.0,0.0,0.0,False
2019-10-26 12:30:33,85.50691,124.3139,False,False,False,-414394.94216723373,-282828.40161347616,0.06588616786489826,0.0,0.0,0.0,False
2019-10-26 14:30:02,85.50869,124.26035,False,False,False,-414494.91726193135,-282329.14377867896,0.06679655529573861,0.0,0.0,0.0,False
2019-10-26 15:30:32,85.50989,124.23698,False,False,False,-414499.3248426362,-282084.70812106563,0.061471488728732336,-4.407580704835709,0.0,4.407580704835709,False
2019-10-26 16:30:33,85.51115,124.21745,False,False,False,-414479.1748453649,-281864.3300393566,0.05464357376600124,0.0,0.0,0.0,False
2019-10-26 18:30:03,85.51362,124.18588,False,False,False,-414406.3917676022,-281481.02384495037,0.05109878974940639,0.0,0.0,0.0,False
2019-10-26 20:30:33,85.51587,124.15464,False,False,False,-414352.01065879536,-281114.0541077771,0.05109878974940639,0.0,0.0,0.0,False
2019-10-26 22:30:03,85.51818,124.11186,False,False,False,-414348.3456402216,-280660.02229912794,0.0635919608853022,3.6650185737526044,0.0,3.6650185737526044,False
2019-10-27 00:30:33,85.52111,124.05505,False,False,False,-414355.5086385984,-280065.93650310335,0.08183594727680768,-7.162998376763426,0.0,7.162998376763426,False
2019-10-27 02:30:04,85.52728,123.97014,False,False,False,-414199.0372556545,-279066.8176390449,0.09563721426576818,0.0,0.0,0.0,False
2019-10-27 03:30:33,85.52981,123.9464,False,False,False,-414080.401459565,-278737.5030601508,0.09158032980193284,0.0,0.0,0.0,False
2019-10-27 05:30:03,85.53488,123.90876,False,False,False,-413793.83429728146,-278149.75909827615,0.08572818537118702,0.0,0.0,0.0,False
2019-10-27 07:30:32,85.53954,123.86945,False,False,False,-413552.75539448473,-277575.9594166846,0.08572818537118702,0.0,0.0,0.0,False
2019-10-27 08:30:33,85.54169,123.84568,False,False,False,-413468.59171975247,-277270.72746915324,0.08795080780753509,0.0,0.0,0.0,False
2019-10-27 10:30:02,85.54618,123.791,False,False,False,-413316.56861585175,-276597.31690983835,0.09668865729489427,0.0,0.0,0.0,False
2019-10-27 11:30:33,85.54878,123.75816,False,False,False,-413233.7944494008,-276199.12965971575,0.11112013755650303,0.0,0.0,0.0,False
2019-10-27 13:30:02,85.55453,123.69523,False,False,False,-413002.9953252309,-275389.0847853407,0.1179668301791673,0.0,0.0,0.0,False
2019-10-27 14:30:32,85.5577,123.66453,False,False,False,-412856.0418786616,-274971.63976366114,0.12091689310820568,0.0,0.0,0.0,False
2019-10-27 15:30:32,85.56106,123.63502,False,False,False,-412685.40234683396,-274551.2575089181,0.11878567792328501,0.0,0.0,0.0,False
2019-10-27 17:30:03,85.5677,123.5873,False,False,False,-412296.59976138297,-273797.49587149516,0.1159388597578894,0.0,0.0,0.0,False
2019-10-27 19:30:33,85.57417,123.53719,False,False,False,-411934.03029910347,-273037.87134925305,0.1159388597578894,0.0,0.0,0.0,False
2019-10-27 21:30:03,85.58048,123.47045,False,False,False,-411664.3532341158,-272169.4688231506,0.12735464906307,0.0,0.0,0.0,False
2019-10-27 23:30:33,85.58745,123.38304,False,False,False,-411429.5534672488,-271113.10333820025,0.14905585941333552,0.0,0.0,0.0,False
2019-10-28 01:30:03,85.5955,123.29188,False,False,False,-411109.4109939814,-269965.0133820162,0.16323093625060695,0.0,0.0,0.0,False
2019-10-28 03:30:32,85.60442,123.21691,False,False,False,-410629.4490594343,-268881.5025699316,0.15782244601872558,0.0,0.0,0.0,False
2019-10-28 04:30:33,85.60893,123.18613,False,False,False,-410352.5927551255,-268385.3601630955,0.15333907214872,0.0,0.0,0.0,False
2019-10-28 06:30:02,85.61778,123.13088,False,False,False,-409784.0728372469,-267449.6989723727,0.14928594734229048,0.0,0.0,0.0,False
2019-10-28 08:30:03,85.62623,123.07044,False,False,False,-409275.67845954915,-266502.67381879146,0.14928594734229048,0.0,0.0,0.0,False
2019-10-28 09:30:33,85.63052,123.03583,False,False,False,-409035.2027005943,-265994.3797758695,0.15363634201295923,0.0,0.0,0.0,False
2019-10-28 11:30:03,85.63927,122.96561,False,False,False,-408541.5622217478,-264961.4998618516,0.15540907404079268,0.0,0.0,0.0,False
2019-10-28 13:30:33,85.648,122.8986,False,False,False,-408033.08987281314,-263954.3013774781,0.1438558112369542,0.0,0.0,0.0,False
2019-10-28 15:30:02,85.65584,122.83512,False,False,False,-407590.07878046896,-263027.6200837571,0.13302470594315352,0.0,0.0,0.0,False
2019-10-28 16:30:32,85.65951,122.80402,False,False,False,-407388.5098533569,-262584.4352722537,0.125151329816064,0.0,0.0,0.0,False
2019-10-28 17:30:32,85.66301,122.77747,False,False,False,-407181.71329837595,-262184.1531339496,0.12498217916635324,0.0,0.0,0.0,False
2019-10-28 18:30:33,85.6662,122.74491,False,False,False,-407031.19057969085,-261760.1423135989,0.12498217916635324,0.0,0.0,0.0,False
2019-10-28 20:30:03,85.67234,122.66583,False,False,False,-406815.201470307,-260828.2386273955,0.13397848528746392,0.0,0.0,0.0,False
2019-10-28 22:30:32,85.67867,122.57239,False,False,False,-406644.67010543105,-259784.10000203928,inf,,,,False
2019-10-28 22:30:33,85.67867,122.57236,True,True,False,-406644.8061280119,-259783.88708335237,inf,,,,False
2019-10-29 00:30:03,85.6852,122.46903,False,False,False,-406497.77442192717,-258658.8491508873,0.1501448981466122,,,,False
2019-10-29 02:30:32,85.69185,122.37402,False,False,False,-406299.29527604807,-257587.0192645071,0.13219531886744162,0.0,0.0,0.0,False
2019-10-29 03:30:32,85.69492,122.33467,False,False,False,-406186.59816858696,-257124.65234508843,0.12296793760664906,0.0,0.0,0.0,False
2019-10-29 04:30:33,85.69775,122.29769,False,False,False,-406085.48229424783,-256693.67065958487,0.11957278646067991,0.0,0.0,0.0,False
2019-10-29 06:30:02,85.70292,122.2226,False,False,False,-405933.3999847639,-255853.57571648806,0.11957278646067991,0.0,0.0,0.0,False
2019-10-29 07:30:32,85.70535,122.1796,False,False,False,-405895.7538675196,-255404.4142859648,0.12315199716497048,0.0,0.0,0.0,False
2019-10-29 09:30:03,85.71039,122.08104,False,False,False,-405857.8846308989,-254407.05646180132,0.1397866252567768,0.0,0.0,0.0,False
2019-10-29 11:30:32,85.71632,121.97142,False,False,False,-405782.4298324051,-253279.6477043363,inf,,,,False
2019-10-29 11:30:33,85.71632,121.97141,True,True,False,-405782.47403803666,-253279.57688193803,inf,,,,False
2019-10-29 13:30:02,85.72279,121.8711,False,False,False,-405612.0307393218,-252187.48544672504,0.13670128435912215,,,,False
2019-10-29 14:30:32,85.72594,121.82838,False,False,False,-405501.2439764508,-251699.5785901834,0.11962989868889437,0.0,0.0,0.0,False
2019-10-29 16:30:02,85.73138,121.75621,False,False,False,-405301.699533833,-250869.0564590405,0.10730326445982193,0.0,0.0,0.0,False
2019-10-29 17:30:32,85.7338,121.72193,False,False,False,-405221.9745480054,-250484.5038116301,0.10730326445982193,0.0,0.0,0.0,False
2019-10-29 18:30:33,85.7361,121.68627,False,False,False,-405159.3548705142,-250097.41320164848,0.10892302623370195,0.0,0.0,0.0,False
2019-10-29 20:30:03,85.74062,121.60654,False,False,False,-405077.3371524837,-249268.9821144107,0.11659400762274928,0.0,0.0,0.0,False
2019-10-29 22:30:32,85.7455,121.51637,False,False,False,-405004.8078989325,-248346.46095219362,0.12746114600505665,0.0,0.0,0.0,False
2019-10-29 23:30:32,85.74825,121.46858,False,False,False,-404950.0223851635,-247848.33612388367,0.1392023676478858,0.0,0.0,0.0,False
2019-10-30 00:30:33,85.75123,121.42165,False,False,False,-404869.0688191683,-247343.16992211784,0.13267666602678221,0.0,0.0,0.0,False
2019-10-30 02:30:02,85.75706,121.33845,False,False,False,-404672.04897171556,-246416.57289016515,0.10968544643390957,0.0,0.0,0.0,False
2019-10-30 04:30:04,85.76207,121.27097,False,False,False,-404484.047616246,-245649.5414702838,0.0994460386358353,0.0,0.0,0.0,False
2019-10-30 05:30:33,85.76426,121.23831,False,False,False,-404415.0169067667,-245292.1750715704,0.0994460386358353,0.0,0.0,0.0,False
2019-10-30 07:30:01,85.7683,121.16575,False,False,False,-404339.5005846014,-244546.46949912462,inf,,,,False
2019-10-30 07:30:03,85.7683,121.16572,True,True,False,-404339.6286287781,-244546.25778742356,inf,,,,False
2019-10-30 09:30:33,85.77253,121.07366,False,False,False,-404327.6602742903,-243652.59096197158,0.12310564248306399,,,,False
2019-10-30 11:30:03,85.77757,120.9799,False,False,False,-404243.5578983921,-242701.06264671165,0.1236629543682898,0.0,0.0,0.0,False
2019-10-30 13:30:33,85.78292,120.89838,False,False,False,-404076.08117023145,-241819.02868827048,0.10160993595354588,0.0,0.0,0.0,False
2019-10-30 15:30:03,85.78729,120.833,False,False,False,-403932.9465573161,-241107.79356928315,0.08433420852374633,0.0,0.0,0.0,False
2019-10-30 17:30:32,85.79043,120.77183,False,False,False,-403889.00527723227,-240497.10604525713,0.08433420852374633,24.73482973658247,0.0,24.73482973658247,False
2019-10-30 19:30:03,85.79326,120.70116,False,False,False,-403913.74010696885,-239837.48931646926,0.09244822534654905,0.0,0.0,0.0,False
2019-10-30 21:30:33,85.79681,120.61385,False,False,False,-403937.74774569174,-239019.9309080634,0.11265989326921325,-24.007638722890988,0.0,24.007638722890988,False
2019-10-30 23:30:03,85.80151,120.52046,False,False,False,-403874.9058379749,-238094.80397211376,0.1234365918347224,0.0,0.0,0.0,False
2019-10-31 01:30:32,85.80664,120.43616,False,False,False,-403731.1095874989,-237210.2663270197,0.1007042671405375,0.0,0.0,0.0,False
2019-10-31 03:30:03,85.81087,120.36977,False,False,False,-403598.3602976079,-236503.59839726682,0.08168632761714877,0.0,0.0,0.0,False
2019-10-31 05:30:32,85.81416,120.31271,False,False,False,-403516.68576167617,-235916.2067392834,0.08168632761714877,0.0,0.0,0.0,False
2019-10-31 07:30:03,85.81715,120.25195,False,False,False,-403478.36172940105,-235320.0285456256,0.08367068805709378,0.0,0.0,0.0,False
2019-10-31 08:30:33,85.81883,120.21697,False,False,False,-403459.92024214705,-234979.28494263455,0.0932355947364078,0.0,0.0,0.0,False
2019-10-31 10:30:01,85.82292,120.14191,False,False,False,-403372.63303016237,-234221.30462376087,inf,,,,False
2019-10-31 10:30:03,85.82292,120.14189,True,True,False,-403372.71478879673,-234221.16382013544,inf,,,,False
2019-10-31 12:30:32,85.82775,120.06886,False,False,False,-403204.38285571133,-233436.72075986583,0.10196716386561996,,,,False
2019-10-31 13:30:33,85.83011,120.03741,False,False,False,-403104.4240030454,-233083.51081059795,0.08416561023087293,0.0,0.0,0.0,False
2019-10-31 15:30:03,85.83411,119.98789,False,False,False,-402919.03455474647,-232511.8792954216,0.07021423364774212,0.0,0.0,0.0,False
2019-10-31 17:30:32,85.83707,119.94006,False,False,False,-402826.70432615135,-232010.5554163213,0.07021423364774212,0.0,0.0,0.0,False
2019-10-31 18:30:33,85.83842,119.91457,False,False,False,-402799.27797161334,-231756.17609129136,0.07107043428942292,0.0,0.0,0.0,False
2019-10-31 20:30:02,85.8414,119.85485,False,False,False,-402752.15104615083,-231170.6330435269,0.08227401559722844,0.0,0.0,0.0,False
2019-10-31 21:30:33,85.84325,119.82018,False,False,False,-402712.813917888,-230824.20141952328,0.09526170114724691,0.0,0.0,0.0,False
2019-10-31 23:30:02,85.84776,119.74857,False,False,False,-402563.94839177735,-230070.92299298997,0.10721565828329374,0.0,0.0,0.0,False
2019-11-01 00:30:33,85.85036,119.71592,False,False,False,-402442.9533620596,-229697.6332009756,0.10721565828329374,0.0,0.0,0.0,False
2019-11-01 04:30:33,85.8595,119.62485,False,False,False,-401920.73621664336,-228553.3867343031,0.06537250310937763,0.0,0.0,0.0,False
2019-11-01 06:30:03,85.86272,119.58793,False,False,False,-401755.39213727316,-228116.89397719209,0.06537250310937763,0.0,0.0,0.0,False
2019-11-01 08:30:33,85.86609,119.54332,False,False,False,-401605.6414027285,-227618.55202583259,0.07167432937431992,0.0,0.0,0.0,False
2019-11-01 11:30:35,85.87286,119.4689,False,False,False,-401243.0751620243,-226724.9883958745,0.08928875337217584,0.0,0.0,0.0,False
2019-11-01 12:30:33,85.87541,119.44841,False,False,False,-401076.2835564923,-226441.55160458272,0.07940930067971275,0.0,0.0,0.0,False
2019-11-01 14:30:02,85.8801,119.4213,False,False,False,-400727.41531731165,-225994.606416252,0.05785395997838148,0.0,0.0,0.0,False
2019-11-01 15:30:32,85.88191,119.4134,False,False,False,-400582.5881211717,-225840.13558636935,0.047172454245247186,0.0,0.0,0.0,False
2019-11-01 16:30:32,85.88336,119.40699,False,False,False,-400466.861188414,-225715.85206722593,0.0377176304381524,0.0,0.0,0.0,False
2019-11-01 18:30:03,85.88548,119.39096,False,False,False,-400323.8251041589,-225487.67393703043,0.0377176304381524,0.0,0.0,0.0,False
2019-11-01 19:30:33,85.88647,119.37732,False,False,False,-400281.2033893363,-225338.15852266896,0.04247862431156568,0.0,0.0,0.0,False
2019-11-01 21:30:03,85.88878,119.3423,False,False,False,-400194.1030075186,-224967.11366361886,0.053379678055893685,0.0,0.0,0.0,False
2019-11-01 23:30:33,85.89249,119.29907,False,False,False,-400002.6037421234,-224462.45505182844,0.0743485652572873,0.0,0.0,0.0,False
2019-11-02 01:30:03,85.89687,119.26183,False,False,False,-399721.91414219106,-223963.4563142217,0.06516759175268053,0.0,0.0,0.0,False
2019-11-02 03:30:33,85.9007,119.23647,False,False,False,-399447.97039909626,-223577.7177334502,0.046320322531743854,0.0,0.0,0.0,False
2019-11-02 05:30:02,85.90311,119.21238,False,False,False,-399307.1536904077,-223278.46688360797,0.044355954486173466,0.0,0.0,0.0,False
2019-11-02 06:30:32,85.90396,119.19588,False,False,False,-399288.6154879952,-223117.18601795266,0.044355954486173466,5.279224447556771,0.0,5.279224447556771,False
2019-11-02 08:30:03,85.90578,119.14893,False,False,False,-399293.89471244277,-222690.9741769115,0.05969811415175343,-5.279224447556771,0.0,5.279224447556771,False
2019-11-02 10:30:33,85.90869,119.08705,False,False,False,-399250.3285226451,-222101.70284805537,0.0813883758455883,0.0,0.0,0.0,False
2019-11-02 12:30:03,85.91289,119.02277,False,False,False,-399089.32825646823,-221426.20738661318,0.092987495380332,0.0,0.0,0.0,False
2019-11-02 14:30:32,85.91733,118.96519,False,False,False,-398878.06068268407,-220785.02764391262,0.0838698810581322,0.0,0.0,0.0,False
2019-11-02 15:30:32,85.91918,118.9375,False,False,False,-398804.00419893523,-220492.31906653577,0.07734280950039232,0.0,0.0,0.0,False
2019-11-02 16:30:32,85.92075,118.91029,False,False,False,-398755.2712263994,-220218.18287166368,0.07734280950039232,0.0,0.0,0.0,False
2019-11-02 17:30:32,85.92217,118.88024,False,False,False,-398731.9297053857,-219932.4659428521,0.0796302169506084,23.34152101370273,0.0,23.34152101370273,False
2019-11-02 19:30:02,85.92452,118.81104,False,False,False,-398767.43409534264,-219324.32111351713,0.08531937632846864,0.0,0.0,0.0,False
2019-11-02 20:30:32,85.92591,118.76836,False,False,False,-398794.7005829598,-218952.54752556162,0.10185030916225449,0.0,0.0,0.0,False
2019-11-02 22:30:01,85.92948,118.67163,False,False,False,-398814.16434995155,-218087.7837010166,0.12043859066464128,-19.463766991742887,0.0,19.463766991742887,False
2019-11-03 03:30:33,85.94084,118.44855,False,False,False,-398545.39363817655,-215929.33207072114,0.11113437002873804,53.774400290858466,0.0,53.774400290858466,False
2019-11-03 05:30:02,85.94379,118.35726,False,False,False,-398599.1680384674,-215137.65687541946,0.11113437002873804,0.0,0.0,0.0,False
2019-11-03 06:30:33,85.94469,118.29578,False,False,False,-398741.33412199933,-214662.2061172577,0.1355875848214269,0.0,0.0,0.0,False
2019-11-03 08:30:03,85.94661,118.13193,False,False,False,-399164.58702759014,-213419.99389176996,0.18380101157225123,0.0,0.0,0.0,False
2019-11-03 11:30:33,85.95147,117.86192,False,False,False,-399686.3246161067,-211283.02511442036,0.18304592670073305,0.0,0.0,0.0,False
2019-11-03 13:30:02,85.95629,117.71088,False,False,False,-399765.61161501246,-209978.48441799782,0.14749476408080603,0.0,0.0,0.0,False
2019-11-03 16:30:02,85.96249,117.52869,False,False,False,-399817.5975862917,-208386.3894772699,0.13384018402324133,0.0,0.0,0.0,False
2019-11-03 17:30:31,85.96404,117.47044,False,False,False,-399875.74526574335,-207899.99782393625,inf,,,,False
2019-11-03 17:30:33,85.96403,117.47043,True,True,False,-399876.77189066773,-207900.44292114157,inf,,,,False
2019-11-03 19:30:02,85.96656,117.35291,False,False,False,-400051.5346352314,-206950.06184732894,0.13533834567352732,,,,False
2019-11-03 20:30:33,85.96794,117.28944,False,False,False,-400143.64945416205,-206436.15103230037,0.14265054944903038,0.0,0.0,0.0,False
2019-11-03 22:30:03,85.97107,117.15194,False,False,False,-400327.04003615555,-205315.8467734345,0.15899373706797545,0.0,0.0,0.0,False
2019-11-04 00:30:33,85.97515,117.01067,False,False,False,-400426.3224462615,-204121.34048407088,0.15701780780189606,0.0,0.0,0.0,False
2019-11-04 02:30:03,85.97946,116.88151,False,False,False,-400456.3520404084,-203000.63558976917,0.13173696388459352,0.0,0.0,0.0,False
2019-11-04 04:30:33,85.98272,116.76859,False,False,False,-400530.76858292124,-202047.1247347121,0.13173696388459352,0.0,0.0,0.0,False
2019-11-04 08:30:33,85.98621,116.52552,False,False,False,-401035.773482991,-200172.13807368738,0.13484753851120193,0.0,0.0,0.0,False
2019-11-04 10:30:03,85.9884,116.38354,False,False,False,-401311.5859885321,-199069.12328338667,0.1529709525121224,0.0,0.0,0.0,False
2019-11-04 12:30:33,85.99128,116.24753,False,False,False,-401494.68951468694,-197973.75263450557,0.13698631528895358,0.0,0.0,0.0,False
2019-11-04 14:30:02,85.99382,116.12768,False,False,False,-401653.3835814584,-197008.63027881255,0.12012093665026809,0.0,0.0,0.0,False
2019-11-04 16:30:04,85.99513,116.01849,False,False,False,-401896.69502935617,-196178.68995388263,0.11304423537934805,0.0,0.0,0.0,False
2019-11-04 17:30:33,85.99519,115.96549,False,False,False,-402071.97196793475,-195803.9095437092,0.11304423537934805,0.0,0.0,0.0,False
2019-11-04 19:30:03,85.99465,115.85897,False,False,False,-402489.54042938736,-195082.35901694224,0.11675990895976357,0.0,0.0,0.0,False
2019-11-04 21:30:31,85.99392,115.74746,False,False,False,-402941.84341857134,-194334.05475563183,inf,,,,False
2019-11-04 21:30:33,85.99391,115.74742,True,True,False,-402942.98447246273,-194334.25833260707,inf,,,,False
2019-11-04 23:30:02,85.9936,115.63963,False,False,False,-403339.06547486916,-193590.8348392479,0.11026064847825372,,,,False
2019-11-05 00:30:32,85.99363,115.58795,False,False,False,-403510.4974439424,-193225.50363410503,0.10315984762537775,0.0,0.0,0.0,False
2019-11-05 02:30:04,85.99306,115.49398,False,False,False,-403884.28955487895,-192590.8367733006,0.10315984762537775,0.0,0.0,0.0,False
2019-11-05 03:30:33,85.99234,115.44499,False,False,False,-404121.3849821655,-192279.95950729432,0.10682288491123768,0.0,0.0,0.0,False
2019-11-05 05:30:03,85.9904,115.34151,False,False,False,-404663.70183050714,-191642.4593145352,0.11722229406460136,0.0,0.0,0.0,False
2019-11-05 07:30:33,85.98717,115.23695,False,False,False,-405338.87993777764,-191057.38094862062,0.12305928590272447,0.0,0.0,0.0,False
2019-11-05 09:30:01,85.9835,115.12958,False,False,False,-406067.0739287968,-190471.41976050797,inf,,,,False
2019-11-05 09:30:03,85.98349,115.12954,True,True,False,-406068.2174530729,-190471.6102839758,inf,,,,False
2019-11-05 11:30:32,85.98003,115.01719,False,False,False,-406790.89911358367,-189838.3166625306,0.12291323639184339,,,,False
2019-11-05 12:30:32,85.97867,114.96415,False,False,False,-407104.0825647957,-189525.72835951232,0.11145581115803789,0.0,0.0,0.0,False
2019-11-05 13:30:32,85.97746,114.91595,False,False,False,-407385.8660810583,-189240.0846549069,0.10429017790737574,0.0,0.0,0.0,False
2019-11-05 14:30:32,85.97614,114.87191,False,False,False,-407664.87611346506,-188988.86347771154,0.10298309903905685,0.0,0.0,0.0,False
2019-11-05 16:30:02,85.973,114.78952,False,False,False,-408254.4056494751,-188549.40924043235,0.09970607989240403,0.0,0.0,0.0,False
2019-11-05 17:30:33,85.97111,114.75159,False,False,False,-408570.7165975058,-188367.42821353624,0.09970607989240403,0.0,0.0,0.0,False
2019-11-05 19:30:03,85.96729,114.67465,False,False,False,-409210.7522878155,-187996.60793583727,0.10359918162935126,0.0,0.0,0.0,False
2019-11-05 21:30:33,85.9641,114.59,False,False,False,-409811.8289500874,-187539.99292644236,0.09887133214462729,0.0,0.0,0.0,False
2019-11-05 23:30:02,85.96222,114.50433,False,False,False,-410282.7281888274,-187014.0584797151,0.08829971042582085,0.0,0.0,0.0,False
2019-11-06 00:30:32,85.96165,114.46407,False,False,False,-410471.9468435272,-186752.0668093059,0.0825447814855225,0.0,0.0,0.0,False
2019-11-06 01:30:32,85.9612,114.42686,False,False,False,-410638.8765748901,-186506.2228516712,0.07690561615757972,0.0,0.0,0.0,False
2019-11-06 02:30:33,85.96074,114.3923,False,False,False,-410798.06143817236,-186279.70185991668,0.07678793997142434,0.0,0.0,0.0,False
2019-11-06 04:30:03,85.95943,114.32519,False,False,False,-411149.2069348264,-185858.6409048902,0.07678793997142434,0.0,0.0,0.0,False
2019-11-06 06:30:31,85.95764,114.25193,False,False,False,-411568.6802210901,-185414.84902880495,inf,,,,False
2019-11-06 06:30:33,85.95763,114.25191,True,True,False,-411569.7626264008,-185415.16383795155,inf,,,,False
2019-11-06 08:30:03,85.95593,114.16739,False,False,False,-412015.95122870605,-184885.51945976418,0.09699397150409149,,,,False
2019-11-06 10:30:33,85.95511,114.07392,False,False,False,-412400.5839019112,-184250.46310247964,0.10226647727649099,0.0,0.0,0.0,False
2019-11-06 12:30:03,85.95544,113.98141,False,False,False,-412663.8831935769,-183569.38865517595,0.08555851741486588,0.0,0.0,0.0,False
2019-11-06 14:30:32,85.95634,113.90364,False,False,False,-412820.82895361393,-182968.38835631649,0.07080817933017439,0.0,0.0,0.0,False
2019-11-06 16:30:03,85.9567,113.83969,False,False,False,-412988.0353698237,-182491.26840896934,0.06926649393610948,0.0,0.0,0.0,False
2019-11-06 17:30:32,85.95654,113.8076,False,False,False,-413106.5189211968,-182267.14413592443,0.06926649393610948,0.0,0.0,0.0,False
2019-11-06 18:30:33,85.95621,113.77389,False,False,False,-413247.3929713294,-182038.9100952912,0.07450260751533243,0.0,0.0,0.0,False
2019-11-06 21:29:31,85.9553,113.65875,False,False,False,-413705.4146911987,-181248.85277077972,inf,,,,False
2019-11-06 21:30:04,85.9553,113.65842,True,True,False,-413706.45860278804,-181246.469995639,inf,,,,False
2019-11-06 22:30:33,85.95531,113.61736,False,False,False,-413835.21671706246,-180949.50093993597,0.08526414244540127,,,,False
2019-11-07 00:30:03,85.95605,113.54084,False,False,False,-414000.78657509567,-180363.6622351921,0.07109917047194553,0.0,0.0,0.0,False
2019-11-07 02:30:32,85.95705,113.47689,False,False,False,-414099.4602790052,-179857.00133334642,0.05966699925358588,0.0,0.0,0.0,False
2019-11-07 03:30:33,85.9573,113.44986,False,False,False,-414158.66395402065,-179650.52014962325,0.05765318313484097,0.0,0.0,0.0,False
2019-11-07 05:30:02,85.95708,113.39771,False,False,False,-414344.54525243765,-179283.23456406748,0.05765318313484097,0.0,0.0,0.0,False
2019-11-07 06:30:33,85.95658,113.3699,False,False,False,-414482.7472286842,-179104.23821361523,0.06178699405315222,0.0,0.0,0.0,False
2019-11-07 10:30:32,85.95371,113.22938,False,False,False,-415215.1364706174,-178213.51510152436,0.07456745571260184,0.0,0.0,0.0,False
2019-11-07 12:30:03,85.95287,113.16293,False,False,False,-415507.7458526859,-177768.72088245416,0.06171550605853924,0.0,0.0,0.0,False
2019-11-07 13:30:32,85.95259,113.13457,False,False,False,-415624.4260837174,-177575.31215883954,0.055637010740096964,0.0,0.0,0.0,False
2019-11-07 14:30:32,85.95225,113.10964,False,False,False,-415736.55668170936,-177409.34797460507,0.0468287330918124,0.0,0.0,0.0,False
2019-11-07 15:30:33,85.95191,113.08882,False,False,False,-415835.9062594552,-177273.14945276728,0.04364813780074153,0.0,0.0,0.0,False
2019-11-07 17:30:02,85.9508,113.05258,False,False,False,-416061.95267692825,-177058.60969306747,0.04364813780074153,0.0,0.0,0.0,False
2019-11-07 18:30:32,85.94993,113.03217,False,False,False,-416214.36564173666,-176948.38154328935,0.05139224196660711,0.0,0.0,0.0,False
2019-11-07 19:30:31,85.94898,113.01082,False,False,False,-416377.87297509605,-176834.72686339184,0.05531338490601533,0.0,0.0,0.0,False
2019-11-07 20:30:32,85.94794,112.98537,False,False,False,-416563.246262766,-176695.09014638566,0.06446699109770165,0.0,0.0,0.0,False
2019-11-07 21:30:32,85.94696,112.95782,False,False,False,-416748.8817593005,-176537.43663225876,0.0676519597741084,0.0,0.0,0.0,False
2019-11-07 22:30:32,85.94617,112.928,False,False,False,-416921.91754304164,-176354.86487719716,0.06514675011315672,0.0,0.0,0.0,False
2019-11-07 23:30:31,85.94555,112.89964,False,False,False,-417072.90714642184,-176175.4055130975,0.059502219410125894,0.0,0.0,0.0,False
2019-11-08 00:30:32,85.94505,112.87347,False,False,False,-417204.7529059887,-176006.58087445982,0.05163663671378401,0.0,0.0,0.0,False
2019-11-08 01:30:32,85.94467,112.85057,False,False,False,-417314.1522601409,-175856.2892350201,0.045615503490604614,0.0,0.0,0.0,False
2019-11-08 02:30:32,85.94422,112.83079,False,False,False,-417421.1307072667,-175731.70013057138,0.043501528516946504,0.0,0.0,0.0,False
2019-11-08 03:30:32,85.94361,112.81295,False,False,False,-417538.58860082336,-175628.11959811024,0.043501528516946504,0.0,0.0,0.0,False
2019-11-08 04:30:32,85.94273,112.79643,False,False,False,-417679.7614078729,-175545.78181403942,0.045397143387803714,0.0,0.0,0.0,False
2019-11-08 05:30:31,85.94157,112.77863,False,False,False,-417853.6568127106,-175466.14328005313,0.05312888178929542,0.0,0.0,0.0,False
2019-11-08 06:30:32,85.94005,112.75748,False,False,False,-418074.851232234,-175377.51573708444,0.0661914851071633,0.0,0.0,0.0,False
2019-11-08 07:30:31,85.93833,112.73491,False,False,False,-418320.9703777988,-175287.00916369847,0.07284246152202324,0.0,0.0,0.0,False
2019-11-08 08:30:32,85.9364,112.71149,False,False,False,-418591.30430123233,-175199.17615702868,0.07895686978006311,0.0,0.0,0.0,False
2019-11-08 09:30:32,85.93438,112.68614,False,False,False,-418876.8029145113,-175100.91640030415,0.08387069245979949,0.0,0.0,0.0,False
2019-11-08 10:30:32,85.93225,112.65647,False,False,False,-419186.82051514345,-174975.5631784455,0.08786884364615465,0.0,0.0,0.0,False
2019-11-08 11:30:31,85.93021,112.62878,False,False,False,-419481.5055021615,-174860.56726996577,0.08786884364615465,0.0,0.0,0.0,False
2019-11-08 12:30:32,85.92809,112.59956,False,False,False,-419789.0869807447,-174737.5492178866,0.09040885367359623,0.0,0.0,0.0,False
2019-11-08 13:30:32,85.92591,112.57233,False,False,False,-420096.77094649506,-174631.42420914376,0.08983836570977603,0.0,0.0,0.0,False
2019-11-08 14:30:32,85.92368,112.54633,False,False,False,-420405.85625156143,-174536.21101516238,0.08835470958778857,0.0,0.0,0.0,False
2019-11-08 15:30:32,85.92133,112.52369,False,False,False,-420717.0833858487,-174470.55570404782,0.08835470958778857,0.0,0.0,0.0,False
2019-11-08 16:32:52,85.91872,112.50162,False,False,False,-421053.4001441246,-174419.9765666123,0.09142441543108504,,,,False
